HS Section,HS Chapter Code,HS Chapter,2015 / 01,2015 / 02,2015 / 03,2015 / 04,2015 / 05,2015 / 06,2015 / 07,2015 / 08,2015 / 09,2015 / 10,2015 / 11,2015 / 12,2016 / 01,2016 / 02,2016 / 03,2016 / 04,2016 / 05,2016 / 06,2016 / 07,2016 / 08,2016 / 09,2016 / 10,2016 / 11,2016 / 12,2017 / 01,2017 / 02,2017 / 03,2017 / 04,2017 / 05,2017 / 06,2017 / 07,2017 / 08,2017 / 09,2017 / 10,2017 / 11,2017 / 12,2018 / 01,2018 / 02,2018 / 03,2018 / 04,2018 / 05,2018 / 06,2018 / 07,2018 / 08,2018 / 09,2018 / 10,2018 / 11,2018 / 12,2019 / 01,2019 / 02,2019 / 03,2019 / 04,2019 / 05,2019 / 06,2019 / 07,2019 / 08,2019 / 09,2019 / 10,2019 / 11,2019 / 12,2020 / 01,2020 / 02,2020 / 03,2020 / 04,2020 / 05,2020 / 06,2020 / 07,2020 / 08,2020 / 09,2020 / 10,2020 / 11,2020 / 12,2021 / 01,2021 / 02,2021 / 03,2021 / 04,2021 / 05,2021 / 06,2021 / 07,2021 / 08,2021 / 09,2021 / 10,2021 / 11,2021 / 12,2022 / 01,2022 / 02,2022 / 03,2022 / 04,2022 / 05,2022 / 06,2022 / 07
Live Animals; Animal Products,1,LIVE ANIMALS,58.38368,110.536371,47.745958,22.559207,21.669783,11.120486,8.809636,13.732734,33.084074,26.810954,22.834689,17.862622,13.47487,15.960853,19.49126,11.884776,14.104673,11.747656,10.497884,28.891499,31.003542,8.702964,69.527059,54.565059,25.552529,44.067811,19.463125,22.067434,29.47963,2.776365,19.706577,24.435011,34.986783,73.709253,50.440965,59.482268,94.885574,55.582808,10.780977,8.87834,7.772568,7.94431,11.205744,22.503639,22.63157,20.313558,20.291679,48.627783,28.246315,18.46529,40.363842,19.263494,14.061787,8.59209,16.004062,16.311606,24.033248,16.777294,13.852977,21.073538,40.118649,26.184678,13.998191,34.777709,20.813146,22.356709,35.829564,21.275526,34.384653,26.863423,18.670283,17.829552,29.116557,19.376246,22.04021,19.328236,15.080109,21.246791,22.230179,25.840816,32.848086,30.822109,25.023906,44.478069,34.370444,24.639413,25.078433,13.617995,12.219713,18.310563,15.772806
Live Animals; Animal Products,2,MEAT AND EDIBLE MEAT OFFAL,40.673556,42.163383,44.269077,35.477638,38.972268,49.343233,42.473643,44.209432,49.643083,48.343447,60.032102,56.546489,53.375409,53.031261,66.63554,52.519987,52.212066,69.140649,39.799862,49.244583,40.510842,59.829412,56.739954,77.622117,65.274873,48.011298,59.581815,53.084376,73.339706,47.567258,54.226151,43.882533,35.60844,61.57395,55.286593,42.183632,34.485121,37.103072,43.216813,40.035371,49.060484,35.399233,40.458394,29.6641,38.266771,46.533605,48.064799,49.839512,44.652779,58.451543,64.991961,62.379213,71.71621,44.583275,50.190601,42.557436,42.54044,50.933048,62.548599,56.926548,78.502807,44.720504,55.769156,48.706023,40.160369,39.208683,38.279227,39.314446,40.158761,39.06057,39.256699,41.697606,43.666546,40.663708,55.369588,54.583992,45.994521,42.974183,40.775009,46.947458,45.040266,45.085679,45.008401,50.402526,52.972264,49.029797,53.606813,58.965594,49.930036,53.809655,49.415545
Live Animals; Animal Products,3,"FISH AND CRUSTACEANS, MOLLUSCS AND OTHER AQUATIC INVERTEBRATES",49.414709,38.360411,22.759486,11.243488,12.154283,10.146856,4.455506,13.307408,19.478394,41.411729,62.459791,72.18766,38.586454,33.056095,17.379251,22.44925,25.422129,23.350013,7.76992,46.443831,46.773526,78.981099,108.012633,40.545649,23.360952,50.191065,22.549701,23.025393,14.2076,40.263284,150.977729,168.034856,92.592,49.339159,171.461249,192.253846,45.787672,14.167006,28.520311,25.496669,52.130302,168.443069,67.137901,28.321805,80.818371,58.953841,55.978133,497.738251,55.210291,17.834729,16.553465,32.306834,11.855574,12.103088,82.911815,61.427935,29.560587,32.251479,150.034844,50.079112,28.400372,17.380115,19.735542,17.184269,14.73263,17.074685,21.152787,19.109034,35.385038,49.265807,59.331984,20.775597,23.703035,55.962077,39.606124,29.202255,20.089849,25.231324,32.166168,25.957218,53.810605,83.471222,106.730256,24.056752,26.77933,76.527176,22.195748,68.873538,18.01289,57.223222,61.95362
Live Animals; Animal Products,4,DAIRY PRODUCE; BIRDS' EGGS; HONEY; OTHER EDIBLE PRODUCE,367.620282,356.054733,373.552854,387.403016,414.184049,402.486893,354.006668,360.029252,355.379127,393.214258,371.672283,377.562001,370.3087,348.740495,403.284915,404.647396,436.058524,397.662161,330.783043,369.50108,339.80173,413.492029,393.164185,373.05953,367.191808,331.791553,417.258978,402.227245,436.42453,322.636069,302.252764,335.035182,296.328028,354.131998,332.837969,366.798573,342.299281,324.206351,359.221217,407.586754,426.95266,308.536942,300.417837,285.513554,334.719548,363.275168,316.725629,340.303298,340.957035,322.044793,376.103763,432.004165,431.753044,296.388825,337.142751,311.002568,320.5805,404.964993,325.83026,345.949465,360.03973,331.467425,405.068684,387.250672,320.359826,344.300105,377.321478,326.224838,345.961277,347.086329,323.552448,321.716742,317.062079,320.235401,361.682817,376.835418,301.951143,293.600634,286.800189,309.373686,338.109958,354.01678,326.994355,397.045211,336.948493,312.04175,373.069469,362.708841,324.493302,311.909899,283.121321
Live Animals; Animal Products,5,"PRODUCTS OF ANIMAL ORIGIN, NOT ELSEWHERE CLASSIFIED",0.317878,0.28572,0.121905,0.066288,0.131172,0.206475,0.059493,0.100887,0.058815,0.0598,0.259444,0.104212,0.016846,0.112751,0.153961,0.060637,0.106431,0.000101,0.014625,0.010125,0.118207,0.067804,0.16885,1.110644,3.788729,0.002775,0.082688,0.045615,0.081064,0.027,0,0.009006,0.019845,0,0.028125,0.022272,0.00019,0.030332,0.007461,0.012126,0.020739,0.04635,0.090154,0.024412,0.03077,0.042,0.403674,0.006975,0.418341,0.00008,0.01471,0.015548,0.00675,0,0.044145,0.007339,0.0001,0.059006,0.297638,0.0008,0.0005,0.655875,0.020792,0.000111,0,0.034403,0,0.00105,0,0.076548,0.04662,0.025221,0.430182,0,1.89485,0.237659,0.053846,0.065903,0,1.418528,0.1197,0.0072,0.215712,0.000094,0.00003,0.308225,0.056759,0.053818,0.257763,0.202242,0.004106
Plant Products,6,LIVE TREES AND PLANTS; BULBS AND THE LIKE; ETC.,0.911669,0.274224,1.633249,1.094519,0.217395,0.253864,0.022682,0.473492,0.200625,0.476122,0.00069,0.466858,0.522,0.3382,0.864541,0.75539,0.578523,0.415677,0.224121,0.516699,0.0307,0.194844,0.305188,0.761451,1.502985,0.328821,1.854788,0.481796,0.445624,0.004322,0.147088,0.787746,0.092983,0.25839,0.79182,0.790401,0.20765,0.360543,1.107463,0.465908,0.595451,0.118753,0.34755,0.43118,0.264963,1.75545,0.95261,1.186902,2.084025,2.75368,3.236416,3.439582,5.835643,4.399648,6.091363,1.013369,0.04855,1.868075,0.962942,6.786326,0.507162,1.804602,1.045004,0.05715,0.0225,0.0207,0.0249,0.0032,0.078925,5.87214,0.646569,17.522926,10.777096,4.478797,3.778872,1.147603,0.687935,6.496535,0.134415,0.30252,2.37634,2.780735,3.60812,5.249063,4.947539,2.658073,1.022801,1.465022,0.450432,4.290805,0.304574
Plant Products,7,EDIBLE VEGETABLES AND CERTAIN ROOTS AND TUBERS,19.103542,18.134138,18.977987,18.891019,21.809293,20.983578,22.63567,22.91358,21.885147,23.508523,28.917655,35.475469,22.445506,18.049948,18.616327,17.279436,20.603757,21.160279,22.002427,25.653752,20.814488,23.866664,20.939207,26.389126,26.916016,22.311036,24.320728,20.148662,25.120484,19.379152,16.186441,17.972126,17.478528,17.466817,17.403881,15.798757,9.788963,8.732584,9.785574,9.92906,9.174975,10.963478,14.253719,13.65569,15.935357,11.764272,13.038705,14.597913,15.470929,13.481986,13.27015,12.89707,12.219314,10.017045,13.929011,11.500208,10.962679,10.61995,9.711703,10.067857,9.040537,10.388557,12.865219,11.588424,6.909274,10.393967,11.492103,11.538683,11.791056,9.709374,9.291161,13.325851,15.602832,11.206739,13.586125,7.553994,9.780959,10.586713,15.85908,11.811333,10.106172,10.284683,6.962725,6.79794,9.057706,9.305478,11.347047,7.695924,8.09166,9.298608,8.896648
Plant Products,8,EDIBLE FRUIT AND NUTS; PEEL OF CITRUS FRUITS,53.710337,60.375356,70.730505,81.414047,110.939724,82.101498,36.926009,44.488257,49.516901,64.031547,65.997341,61.140103,65.562678,64.817562,80.250154,109.388626,131.188088,69.523623,28.892461,34.454203,45.861347,79.975967,70.927006,67.662145,74.174426,70.636518,127.739034,135.073534,156.24084,39.945953,37.308286,39.081998,53.859215,79.869253,83.362668,96.112976,67.484091,74.631881,126.581916,158.985521,113.049599,30.413672,31.789895,38.270699,76.642272,97.540104,97.0227,91.076239,88.467218,91.360496,153.441522,192.453946,81.831543,26.593442,33.828271,27.075645,82.087963,105.474221,101.643717,105.858993,106.85756,142.576637,223.180088,135.228442,53.461139,36.364969,43.900668,48.719438,73.361189,83.830261,113.514447,109.356164,133.318793,185.192008,254.267734,122.269209,43.848111,50.270966,40.284116,65.143705,89.061932,123.806407,126.565906,157.12076,174.553216,180.468418,249.180731,81.277285,40.320097,46.091005,34.334529
Plant Products,9,"COFFEE, TEA, MATE AND SPICES",18.418165,18.057861,24.577387,18.671116,20.192732,17.858782,14.40234,22.365624,13.380003,11.961451,24.40988,15.749583,22.721568,13.013847,17.795162,25.492796,20.385569,10.174897,2.596757,16.353453,4.755224,19.093145,11.174196,11.508359,16.213538,7.670509,12.860243,9.955554,13.52886,6.243967,12.494965,7.67843,11.093318,14.084156,13.370747,11.605749,11.486348,10.087612,18.905901,17.984547,12.189137,7.994281,18.051561,18.124187,8.686302,9.661316,14.233332,11.440636,14.864524,12.793277,17.767726,14.43075,16.199251,11.624981,17.535919,24.22706,19.763713,11.043471,8.991478,12.746819,16.61335,12.860009,18.96731,14.221944,10.012351,26.196812,25.089445,13.662437,19.01682,10.560688,19.441039,17.958768,24.478016,16.043352,24.243125,15.831478,9.723951,12.087301,13.984432,9.837039,17.732148,16.41894,12.534499,24.029273,22.504506,18.496343,24.683858,13.055875,7.725134,23.561955,17.804073
Plant Products,10,CEREALS,8.218608,2.268739,2.944336,3.181426,3.399969,3.63042,2.005127,2.975567,2.839998,2.527764,3.553915,6.074697,4.163722,3.277532,3.040221,3.019803,3.897049,6.599666,3.322941,4.183116,2.561485,3.020122,3.117694,2.430259,8.014079,3.784079,6.909847,5.592454,8.612176,6.178993,2.542208,2.899753,2.954159,4.768802,6.333737,6.75859,3.567807,5.012891,4.860529,7.421773,7.974724,2.215688,2.052664,1.718375,1.658603,3.170611,2.918012,2.594373,1.212327,2.377421,2.960425,7.36038,3.839392,4.183781,2.072352,1.204902,1.034422,1.50665,1.491694,1.242821,1.288389,1.704049,3.688521,4.10187,4.141729,0.702332,1.43655,1.065125,0.755793,0.609224,1.129847,0.740512,1.170314,1.593602,1.734948,1.133898,1.064859,0.884188,1.31925,0.602984,0.872585,1.250733,1.552588,1.263579,1.779517,1.202192,1.571894,1.706263,1.302819,2.466537,1.293966
Plant Products,11,MILLING PRODUCTS; MALT; STARCHES; INULIN,2.292113,2.51388,2.676256,3.179166,3.806065,1.927035,1.604166,4.406071,1.994188,2.488614,2.864639,2.439777,2.590716,2.541387,4.543988,3.861872,4.057808,11.187839,2.837513,4.092914,4.68274,4.363468,4.237591,3.289156,5.131629,4.527843,5.256786,7.960799,5.900334,5.014788,2.723997,2.770337,2.585948,3.24516,5.021875,3.551382,4.256027,4.538079,3.810854,7.365182,7.589758,2.835209,3.693457,3.385684,2.874306,2.653765,3.374445,3.38293,5.77744,3.349079,4.166409,4.659154,4.344713,2.534605,4.70237,2.445837,2.419061,2.903313,2.250973,3.029555,3.373672,3.002299,4.761606,2.852682,2.710787,3.123617,2.577175,3.253825,3.704356,3.718935,3.515031,2.663986,1.926009,6.073465,8.43618,2.666899,3.356848,2.971137,3.369358,2.003968,3.165712,5.126969,4.579435,4.748041,5.530748,5.136655,6.892023,5.437093,6.682152,5.446378,3.335
Plant Products,12,OIL SEEDS; MISCELLANEOUS GRAINS AND FRUITS; STRAW,0.43216,2.049746,0.854259,1.234922,1.486707,1.572943,0.946322,0.744203,1.935082,1.927769,0.66798,1.754209,0.700483,0.824041,1.45171,1.318691,0.549292,0.972189,0.302157,0.497172,0.871843,0.707493,1.126175,1.363307,0.752724,0.725356,1.218352,1.210536,1.355422,1.20684,0.367401,1.354478,0.375874,1.891694,0.842229,0.848225,0.626785,1.244931,1.710634,1.158819,3.083643,0.367937,1.877841,1.049657,0.530949,2.724735,0.535008,2.612433,1.570388,1.537062,1.33924,0.909887,1.026898,0.644308,1.160898,1.246161,0.545205,0.860596,0.774087,0.547493,0.824687,2.095274,0.743721,2.071508,0.88226,1.151775,1.493283,2.740391,1.297169,1.98824,1.62891,0.841029,0.516081,1.193614,3.169523,1.828267,1.727911,1.247479,2.19959,2.549129,1.807607,3.651668,2.89319,3.633709,2.60244,1.804363,3.731133,4.376998,0.930104,3.522309,0.823746
Plant Products,13,"LACS; GUMS, RESINS AND OTHER VEGETABLE SAPS",0.845867,0.843663,1.015619,0.355908,1.13572,0.681589,0.159245,0.925192,0.549556,0.339396,1.707261,0.863147,1.573144,1.534175,1.118037,4.379208,0.467555,0.684696,0.737586,1.729622,0.757034,2.866301,0.738697,1.375893,1.554497,1.113941,0.633601,4.014021,1.365511,6.743597,0.69791,1.693681,1.702786,0.691857,0.38277,0.616728,1.381065,0.800919,3.268229,1.727415,0.184519,0.68816,0.975958,0.68829,1.289764,2.428908,1.552649,1.070067,2.504792,1.373472,3.069287,1.413872,1.846831,0.684828,2.129741,1.458325,1.234896,1.92155,1.221952,2.594666,1.618427,3.723899,2.491569,1.041128,0.935826,2.945276,1.208098,0.919884,1.50664,1.402383,2.022574,1.463065,2.482163,2.496644,3.334451,2.600682,0.750507,3.261861,1.976657,1.127958,1.573208,2.422556,3.280578,1.941508,2.002893,3.495276,4.930519,5.089621,3.073551,5.608695,1.617182
Plant Products,14,VEGETABLE PLAITING AND OTHER VEGETABLE PRODUCTS,0.355807,0.51466,0.099621,0.169723,0.313667,0.475837,0.086637,0.090449,0.07825,1.012681,0.249991,0.139879,0.201079,0.021266,0.315387,0.215736,0.258757,0.465952,0.0016,1.465028,0.008167,0.318387,0.01323,0.05505,0.113451,0.046643,0.639393,0.185204,1.102859,0.15456,0.899936,0.114659,0.130262,0.206325,0.017427,0.064002,0.037715,0.041445,0.036709,0.00435,0.435438,0.00729,0.01116,0.023684,0.026748,0.007266,0.010316,0.053964,0.00145,0.038831,0.734012,0.0103,0.057135,0.006058,0.127088,0.00025,0.136116,0.035709,0.684265,0.294449,0.041858,0.00008,0.244278,0,0.010581,0.033972,0.010471,0.269559,0.341151,0.382623,0.991316,1.175303,0.013636,0.02245,0.081034,0.2961,0.139417,0.123702,0.0014,0.008963,0.000704,0.00096,0.001209,0.198503,0.114247,0.043491,0.020563,0.029177,1.183297,0.332895,0.001725
Animal and Vegetable fats; oils; waxes and Their Products;,15,"ANIMAL OR VEGETABLE FATS, OILS AND WAXES",65.163892,87.471119,95.294787,80.176714,90.684114,71.223357,85.706703,71.069294,52.95768,79.694615,70.276118,70.517357,71.54151,79.112983,81.506479,98.089192,103.973678,78.130311,73.332911,77.897662,58.6972,83.902939,63.720612,119.351608,71.690307,73.391244,91.691815,101.096912,83.151712,56.423126,65.862077,61.779282,53.742267,54.993153,68.407824,62.510615,66.324103,50.230158,75.320654,65.244484,64.629115,42.773885,88.230127,47.456625,71.096202,88.072975,78.890394,81.550154,58.470085,61.615995,89.110214,81.340276,65.871604,41.489145,58.588,60.411325,84.924246,89.950975,63.96831,94.226322,73.913648,76.484348,87.098904,76.44292,46.892034,75.564498,62.998335,59.14749,90.151769,76.901483,62.248124,73.765255,96.701062,86.439506,138.525173,110.179793,136.046396,124.299259,103.773595,103.66427,133.085396,149.1505,130.412309,135.82678,198.309276,151.604809,181.457591,184.217564,158.495483,215.818542,154.865924
Prepared Foodstuffs; Beverages and Vinegar; Tobacco,16,"PREPARATIONS OF MEAT, FISH OR CRUSTACEANS",30.188201,30.780562,26.10216,33.547417,33.308585,27.306183,22.639088,28.077888,25.122544,31.430781,26.734126,27.699494,25.063282,27.502105,23.130433,26.263185,34.221817,23.909681,18.005095,26.638493,22.696917,29.234242,30.220227,33.102682,32.05767,30.489989,34.247288,29.078626,30.463704,22.106891,29.151907,30.964011,32.267003,36.205998,29.941898,32.882182,34.683984,37.283611,29.920643,28.774005,29.001201,23.891312,28.154286,21.699578,25.987731,25.252603,34.903315,32.956313,32.599859,23.493886,31.047527,26.784938,28.543265,22.720602,26.36979,24.149656,22.375333,19.201603,24.021947,22.590098,21.777334,20.443589,17.658528,10.853617,13.086251,12.336705,16.017009,18.938398,20.630177,23.065525,22.076748,26.488204,28.493175,22.507647,24.011038,18.075648,22.140406,26.11499,26.020551,27.050369,24.584343,34.59703,25.328172,27.419187,31.874658,24.470762,25.086224,32.426235,23.141274,31.131355,21.079824
Prepared Foodstuffs; Beverages and Vinegar; Tobacco,17,SUGAR AND SUGAR CONFECTIONERY,78.6337,72.739649,90.476423,69.687194,64.357936,64.075667,56.983356,55.697744,45.100509,68.029661,65.675993,62.651101,65.909602,71.537569,71.916523,73.246281,71.244596,70.579247,77.057065,73.680414,69.123268,92.504324,94.72094,91.788959,81.500534,72.592886,74.89733,78.810755,81.83403,72.277305,86.450308,95.225232,70.9087,60.428233,53.732792,56.897299,74.25329,69.217744,77.011637,87.395544,77.043339,51.269218,71.466527,76.356487,66.083912,75.090544,75.128748,55.083878,64.623826,67.678562,63.410798,75.813551,78.028215,74.326837,83.297272,67.741442,77.050226,77.465101,85.035406,90.546708,77.175108,84.130114,88.848592,60.530451,70.172246,83.537238,76.453514,65.058205,76.529709,68.661064,71.450578,96.302126,100.803811,107.600556,103.515332,95.396703,109.460392,94.126402,102.294342,89.539318,101.883904,140.846085,192.724794,130.711236,114.405661,122.675505,139.733539,194.738239,149.118237,211.247082,165.630674
Prepared Foodstuffs; Beverages and Vinegar; Tobacco,18,COCOA AND COCOA PREPARATIONS,8.586406,8.044757,5.869944,5.651281,9.055493,7.39411,2.864648,6.062738,5.832623,17.513419,7.927608,4.9541,4.547294,7.934648,6.096915,11.467687,9.783056,6.39008,8.906496,13.659124,9.359083,11.817726,19.164028,11.910312,11.510969,10.951062,12.988317,10.896828,9.778188,7.43877,11.480658,17.815786,9.74244,19.258362,22.031059,22.666582,19.404953,17.465911,21.247044,19.360751,24.452244,15.022191,20.922081,13.909292,18.564543,24.272256,17.207529,18.908031,19.790042,22.839064,18.20394,23.013488,25.379257,14.674067,20.143699,16.048986,21.099233,21.529317,19.212046,22.538194,12.922842,15.275545,22.413289,20.512426,18.292106,22.922974,12.792714,15.101209,21.143829,27.426314,24.274064,22.532614,16.871523,20.502252,16.72729,18.890492,16.598596,20.515309,16.805594,22.04369,22.966179,19.108541,22.19303,23.646899,26.075146,21.926929,27.060376,23.49348,18.9446,23.530524,20.099162
Prepared Foodstuffs; Beverages and Vinegar; Tobacco,19,"PREPARATIONS OF CEREALS, FLOUR, STARCH OR MILK",179.458169,163.932505,183.598949,170.09625,185.850611,146.933011,122.318691,154.129853,150.997777,189.118963,164.664119,165.106333,164.232473,172.827438,168.059607,164.999454,159.029112,133.908719,112.783179,158.706558,137.274608,163.477818,158.951273,176.299344,160.92202,153.017066,178.324783,166.611989,150.162197,111.594525,121.209875,138.419763,137.716949,155.548666,154.831364,141.812928,112.840757,122.709778,150.710385,133.237179,136.061566,107.723283,135.859729,127.570664,145.436654,158.962679,149.036544,147.880935,154.488735,150.67212,181.736492,170.643824,156.867837,118.179877,154.166015,132.589146,181.851109,167.127839,180.363054,190.867343,167.812631,176.233272,193.079369,158.070431,123.910463,179.537007,177.63864,177.987032,172.220107,173.641752,178.658261,181.820277,183.780332,205.817931,229.654764,183.117583,154.034518,165.986047,158.541219,285.588859,243.405099,216.706749,224.711374,225.030292,238.704074,226.968615,263.009136,215.791493,184.592655,204.153811,197.491564
Prepared Foodstuffs; Beverages and Vinegar; Tobacco,20,"PREPARATIONS OF VEGETABLES, FRUIT, NUTS",145.472615,142.932538,178.930624,170.719361,212.65892,191.258822,144.927022,158.353675,120.898295,152.165973,139.813511,106.943109,113.799361,109.071714,159.075558,167.557578,209.691019,160.767645,105.086503,131.957046,123.638073,126.914027,110.542242,105.766462,109.916404,89.796719,146.346762,166.198056,185.307704,107.329128,106.59437,116.239817,111.165401,116.099105,93.24169,95.06998,103.611972,114.262859,140.254298,163.188943,151.271595,99.861859,123.626872,98.226573,122.871086,107.201425,89.374212,103.898013,109.965529,103.694798,153.762311,171.468122,122.338884,104.736923,121.755544,94.483368,111.613866,108.755763,97.308318,86.287881,89.522098,100.845995,130.346571,127.13567,91.754702,87.94979,100.438959,104.922383,105.835049,98.439987,88.904547,81.412689,91.156907,99.928266,143.885102,129.33239,84.034233,102.433617,89.484861,99.417428,101.35378,106.233824,97.712912,94.508201,95.296484,105.131249,141.827235,99.921227,93.986659,105.279347,95.635517
Prepared Foodstuffs; Beverages and Vinegar; Tobacco,21,MISCELLANEOUS EDIBLE PRODUCTS,20.649149,18.879519,20.635892,31.450039,30.837233,22.129745,16.917096,20.226104,18.160607,20.894957,20.850309,21.917815,28.490644,16.280588,39.030169,31.045338,23.229897,18.030029,13.312689,17.641991,12.462518,21.826188,17.908634,22.604471,13.427132,14.093396,25.98106,29.452525,23.754337,16.982642,15.75392,17.011963,17.399084,25.911905,23.000573,22.131411,21.093867,15.353059,25.463495,47.168733,22.073535,12.800673,16.939941,14.31572,19.02698,23.276387,30.191581,28.497859,30.364479,29.692548,33.081149,22.302814,23.947864,13.780862,21.203582,16.063747,23.313677,18.271538,27.765504,24.050437,22.358269,29.499058,41.442433,23.218285,16.775651,23.384698,24.910216,17.746041,30.224873,28.323301,44.111335,30.288052,19.02659,37.984011,50.390895,22.625572,15.166338,21.274209,19.164168,23.101214,21.005513,28.17959,24.029921,27.793882,29.923338,39.514086,42.762401,32.542046,24.409233,27.466751,27.10434
Prepared Foodstuffs; Beverages and Vinegar; Tobacco,22,BEVERAGES AND VINEGAR,53.614402,62.710042,78.325213,59.650458,74.643041,82.647537,73.36438,89.613062,68.471294,88.916573,70.207427,54.299117,52.102108,44.127314,60.667324,67.095102,67.975468,56.374918,51.270489,65.644576,50.719277,67.224777,52.395817,52.773489,42.804495,49.459896,78.686848,55.714497,59.910234,32.071416,53.156243,65.582515,43.335699,51.82809,35.940754,28.068215,21.030414,33.228256,38.447929,49.166705,56.873253,25.83918,63.177669,33.738611,36.615424,46.424634,40.267987,47.624659,46.779008,38.501899,41.539912,52.331455,51.6152,42.017853,60.309019,43.698937,51.614051,51.59405,37.763453,34.699834,31.304334,48.441165,75.74265,48.208039,34.107464,51.681484,57.471301,64.122675,92.637169,65.596049,48.321648,53.516308,43.804968,49.499604,54.748296,57.430066,49.966264,67.89273,64.86853,81.939696,66.44406,100.353857,60.343778,58.273413,46.038055,52.114288,72.632006,61.875218,64.051502,90.412462,71.000815
Prepared Foodstuffs; Beverages and Vinegar; Tobacco,23,RESIDUES FROM FOOD INDUSTRIES; ANIMAL FODDER,6.591049,5.837179,11.195058,7.66484,9.517945,5.586772,7.688215,7.490562,7.059339,6.881267,8.072449,6.263424,6.094194,7.136364,6.571185,6.939644,14.466576,8.658263,6.775987,10.779826,5.820094,9.586392,9.307037,6.768285,8.329487,7.119114,7.789634,8.246935,11.945963,8.18674,10.978524,9.619266,8.453248,12.769851,12.202267,8.186286,6.203128,6.159405,7.353186,12.038863,10.219907,6.542026,15.801932,15.926722,21.592691,15.415846,12.698942,9.818172,11.642594,8.984224,14.079491,11.641224,13.245698,10.952442,14.490323,12.927758,14.122183,19.915871,10.079786,12.12237,10.420308,12.357394,16.688169,12.130093,14.041121,18.510241,15.156051,13.935758,11.682156,13.462233,11.022786,15.05806,9.863098,16.460692,15.335138,16.9257,14.345348,20.625768,16.078601,20.824923,15.888425,16.556981,17.177811,20.424779,13.610259,20.020283,22.849117,20.134072,20.841632,26.258888,46.5927
Prepared Foodstuffs; Beverages and Vinegar; Tobacco,24,TOBACCO AND MANUFACTURED TOBACCO SUBSTITUTES,0.44362,1.286621,0.019,1.734909,0.828275,1.395731,0.766528,0.086023,0.033935,0.901738,0.683425,0.666475,0.273249,0.133746,13.22466,0.148336,0.70576,0.076325,0.007696,0.270015,0.02319,1.422214,0.149614,0.051,0.393584,0.374296,0.831584,0.06783,0.285703,0.01252,0.00106,0.337309,0.056334,0.030263,0.13825,1.049335,21.741103,1.238954,0.19755,40.668698,0.11835,0,1.967499,0.081941,0.903127,8.070747,0.29592,2.356007,0.422222,3.20753,0.661631,0.806174,1.584377,1.745481,0.221978,0.077991,0.386384,0.68553,1.598515,1.116771,1.124153,1.948964,19.177483,0,0,1.434544,0.173051,3.0246,1.75566,3.274485,0.328185,0.039706,0.13375,2.804727,2.848615,0.542105,1.04515,0.639433,0.819788,0.255713,1.418906,0.031796,2.723401,0.382855,0.120975,2.086165,1.999363,0.6808,0.693165,0.4995,0.732212
Mineral products.,25,SALT; SULPHUR; EARTHS AND STONE; PLASTERING MATERIALS,47.507605,56.115176,50.933027,53.90124,59.823946,45.879115,57.62599,47.249016,67.750177,53.434933,50.381999,54.151623,68.397421,63.629794,69.501053,57.478347,71.855808,60.389259,53.13511,52.627813,44.75512,53.775676,46.017486,40.706344,56.982683,63.699826,51.357754,43.230809,45.147802,38.960788,47.777381,44.578335,33.299033,35.649327,52.454947,60.815337,67.907707,67.687215,85.566231,116.561836,160.736789,106.816999,125.692115,124.550496,110.186755,106.826919,105.587097,138.365782,160.897841,152.990512,150.880859,135.901371,124.358661,89.556774,98.823774,79.449346,91.93497,137.67932,98.503081,99.92895,113.399036,106.998818,119.254865,73.353808,47.758456,76.531856,83.477053,97.137364,125.923702,110.604469,124.139935,147.545915,157.895565,158.041586,157.596657,142.235933,132.817685,118.273737,130.337033,128.888053,87.757724,138.635952,103.749849,110.484279,147.707551,137.511672,205.785615,170.600667,171.958541,216.902702,174.354067
Mineral products.,26,"ORES, SLAG AND ASH",17.519018,16.218413,46.077321,53.041962,54.393635,78.40504,76.777112,6.740019,34.861048,81.908311,37.704536,120.381687,40.825501,85.541385,59.837696,2.363538,42.27986,122.927022,26.688176,82.945167,123.761965,7.942497,164.998388,77.844561,7.140616,70.274496,56.527513,24.694591,223.236845,210.324622,74.825735,192.229596,12.591575,221.181357,139.659971,26.401428,269.501896,141.690838,241.831575,195.164383,232.433401,219.206074,223.479905,131.022308,132.41521,102.646448,234.69921,131.406308,212.719242,79.0267,148.830653,201.684222,6.843749,182.665105,285.99839,56.90116,188.958456,69.868142,137.569678,136.566496,65.511946,358.621967,165.328591,55.01039,110.437871,194.14612,141.003949,156.090806,235.003907,149.898696,181.252749,316.008812,161.610759,159.111776,201.319408,303.230588,223.916472,216.360179,470.020561,200.531735,181.230758,209.373792,307.502993,273.508641,304.681677,191.872783,226.500343,324.846134,196.201108,208.59692,155.423925
Mineral products.,27,"MINERAL FUELS, OILS AND WAXES",41826.36185,47090.43729,56199.26007,57298.7233,61232.72678,54172.05764,52517.15841,45288.69473,40988.33564,39987.00457,40120.93219,36826.87003,29230.95148,30320.78537,37606.67456,38456.81672,46622.20112,45237.77414,45122.377,44343.59211,43924.37077,51513.0999,46219.61381,52145.95371,54917.78229,53000.89619,53957.10737,51693.8753,47077.23581,45607.04945,47985.11684,50305.64166,51119.32342,58919.54648,61725.55086,62109.94084,66197.9375,59262.92367,62189.60414,68778.30623,74403.10629,77159.75969,77057.4275,75919.41375,77968.46334,85879.3395,73666.58746,69975.0005,63404.7671,59728.64328,66714.58747,68173.7114,68143.56659,59505.4384,62898.23247,59844.5929,57263.84555,57817.32752,62463.81582,65873.69264,65305.28131,47818.59854,29893.30861,24727.67681,24423.07671,27380.59336,33471.90152,38021.52131,35113.68609,36985.43317,38204.20187,46393.05568,50860.40587,45913.80162,51118.66781,49215.11292,56548.87771,60652.11445,67593.73188,66728.61219,69958.55968,82142.84417,80503.58093,76981.79972,83508.41942,90776.71306,113043.0441,109750.2023,116214.8779,117691.3791,114156.6011
Products of The Chemical and Allied Industries,28,INORGANIC CHEMICALS; ORGANIC AND INORGANIC COMPOUNDS,560.567731,432.439989,817.049571,594.587167,669.116398,634.03927,573.715265,689.973137,500.840029,595.933761,600.093802,549.763279,393.282323,528.48962,470.105569,502.318304,593.676511,463.204921,502.16735,505.692812,418.615245,393.603995,452.982703,511.352066,239.340418,359.700983,212.688783,480.505175,539.796119,544.064429,248.354862,183.748857,125.018789,354.131622,282.024215,176.860357,600.545669,724.986974,1069.325542,825.679507,930.372876,628.63476,126.665414,668.357295,824.098256,916.795404,796.375403,854.977007,494.504942,712.493141,937.059087,945.509449,566.265623,1005.640191,654.863745,717.610637,834.81441,834.74839,663.234398,771.197858,662.706361,578.920535,760.715167,628.160511,711.626165,716.856478,788.831036,713.767813,1276.48008,760.842314,878.177215,645.935661,851.800738,690.225765,749.552247,909.822334,971.155941,865.632369,128.551921,402.656542,304.66081,506.025178,598.670146,685.820536,639.93417,716.666263,943.20637,1148.217386,952.971523,1274.060889,1044.391935
Products of The Chemical and Allied Industries,29,ORGANIC CHEMICALS,3519.647559,2649.525006,2685.50872,3498.175833,3474.771633,3694.961343,3983.448532,3625.25789,2938.683312,2701.213143,2857.577227,3561.257841,1889.256746,2459.561655,2681.688339,2495.876798,2948.124425,3109.748371,2465.770445,3381.481438,2677.300841,2994.495913,2750.766771,3130.266651,3292.074609,2904.751924,3507.183658,2977.267444,3467.586932,2935.573894,3644.86438,3769.486171,1601.278126,2889.983778,4034.606006,3492.785111,4461.763038,4355.340981,4401.951007,4585.593149,5592.538126,4248.748562,5401.846848,3023.349531,4211.935363,4396.125272,4435.895071,4504.033732,4543.624703,3664.003247,4608.123113,4309.516384,4361.527429,3862.299349,4236.105299,3716.64921,3801.518451,3818.089044,3668.841948,3788.02237,3538.890386,3310.443059,3044.342055,2462.151779,2273.456696,3029.921026,3559.000458,2796.658731,3067.179038,3139.864031,3227.666397,3276.239965,3460.04912,3222.163411,3983.984711,4129.359794,4538.787697,4577.749489,4275.737622,5245.515357,4654.97637,4697.954992,5688.566226,5369.870993,4332.383949,5252.900243,5844.969247,4920.915772,5337.241524,5457.130212,5491.931018
Products of The Chemical and Allied Industries,30,PHARMACEUTICAL PRODUCTS,103.776777,121.705752,153.406822,135.930921,159.099826,127.207447,123.154593,144.683859,175.134272,151.635865,201.743541,195.751325,94.298661,96.033196,179.697795,190.307211,214.313313,150.797198,102.797876,243.17081,135.689592,187.330717,167.384712,210.501996,107.61482,126.485978,153.58642,140.339615,156.296701,94.391997,108.680182,137.084275,82.936017,160.18807,101.651882,189.466705,57.081551,56.846419,126.769272,124.409544,144.902467,88.681252,154.84406,73.643347,219.679294,114.050611,141.896273,234.768146,63.600107,96.006618,169.461019,125.928136,156.658119,112.870618,143.595897,83.649795,140.415644,193.973428,142.245649,189.534965,115.186054,102.579767,99.590198,3.541319,49.502628,140.058556,177.280746,162.607952,144.75949,185.368283,201.202848,193.189342,63.165877,118.6462,130.546148,106.089622,88.01119,184.785781,81.998736,121.801109,151.67508,123.653476,167.195783,172.154506,90.084223,130.491704,156.687831,159.064751,159.224129,174.35586,226.87621
Products of The Chemical and Allied Industries,31,FERTILIZERS,440.747928,111.913536,362.723215,370.117046,236.5019,388.773635,371.120766,331.717826,318.791647,292.843382,466.333752,328.82802,214.261017,368.936181,325.214723,290.051895,258.603017,258.098475,254.20976,242.911957,255.227627,367.620366,231.962988,328.493215,350.923157,370.609735,236.225418,373.721342,266.950545,264.390681,232.755806,294.042108,267.222728,325.071183,330.691748,163.157959,323.126394,247.333376,414.554671,356.714305,325.40034,401.932918,407.575305,389.906468,382.757102,525.873136,330.948699,665.267838,470.326292,324.162431,325.689558,291.467181,392.00294,390.808338,409.880359,395.723441,308.834307,351.459222,403.108261,303.735939,415.950779,331.77288,284.128898,375.360662,379.112505,622.557171,420.463362,394.350865,414.10822,428.364403,405.221327,214.832103,356.148332,337.947815,499.12652,318.097494,567.181488,1192.50822,1511.602085,1271.914263,1435.094146,1750.745902,1719.590703,2515.527226,1836.623442,1959.12326,2684.539254,2792.2038,2414.948364,2763.90731,2210.562714
Products of The Chemical and Allied Industries,32,TANNING EXTRACTS; TANNINS; DYES; PAINTS; INK,67.227736,92.746942,105.809235,100.259604,112.348038,93.3134,64.670273,97.417982,53.901893,100.685516,81.609507,91.292011,75.413147,95.706736,99.976932,79.725856,83.097942,63.984976,67.57137,117.769736,70.758956,86.682282,83.187657,99.958598,75.24394,79.726306,112.899023,107.684588,83.507608,84.657205,86.298016,110.671862,83.50207,149.694197,104.489478,120.995332,93.450601,143.483655,119.309136,127.837686,141.031942,102.009227,119.347137,86.10578,102.348711,104.27752,111.242825,110.654815,77.436494,120.815166,106.780799,106.446105,104.591295,128.273093,126.6462,84.71538,100.778177,77.131378,72.631109,91.559503,66.762434,103.93382,113.7661,81.78658,76.648824,80.419477,57.100092,80.36885,63.98252,73.603972,89.627268,117.808027,95.356678,104.557518,146.956347,110.626864,108.255763,135.881292,114.364107,113.633941,141.748091,129.951096,147.397704,147.792135,126.012928,162.007304,149.326672,109.833408,148.784662,193.163898,70.035638
Products of The Chemical and Allied Industries,33,ESSENTIAL OILS; PERFUMES; TOILET PREPARATIONS,124.733694,112.708047,142.228258,126.614425,135.980043,154.601532,92.566902,125.420301,94.76313,138.42564,103.188668,125.600655,86.034439,106.470804,102.256006,86.938114,105.903154,103.741185,80.937608,104.98191,77.717643,103.305516,98.512216,98.445663,96.615616,91.942341,110.835178,91.916568,92.367417,66.439831,74.901173,77.577456,52.866903,83.457067,94.297361,77.171023,62.281898,53.868215,66.691119,77.809164,79.430196,59.959979,71.597124,59.88873,68.149554,61.276396,43.888801,57.604144,54.074493,57.946325,58.90059,60.528673,61.415083,50.33286,52.23282,42.187159,67.409381,57.819025,51.218215,65.083785,63.178201,53.999416,50.519032,22.118741,23.66979,39.615902,71.582432,54.451672,69.766264,49.557559,60.939809,53.853206,54.527746,56.345401,68.991804,71.996247,41.511803,63.80899,44.098183,67.086501,74.013783,58.233695,81.58945,73.566022,66.961931,52.920527,91.184262,85.079658,58.944116,89.457691,72.525007
Products of The Chemical and Allied Industries,34,SOAP AND WASHING PRODUCTS; WAXES; CANDLES,149.937935,162.937723,184.895747,175.87858,169.900961,175.374962,128.45248,142.345365,137.480071,143.116566,182.149926,158.375809,172.89211,161.484489,169.329105,174.481779,153.437322,183.291157,137.345905,191.122553,157.163414,182.27067,183.340104,187.401126,156.98408,155.683187,196.805017,170.863081,174.432914,164.986666,159.37719,177.889038,135.252449,175.924186,144.344461,186.711733,117.054852,125.595101,139.492095,126.1697,119.102251,111.608288,199.933462,117.600701,125.322138,133.852152,128.015635,137.781955,134.163287,126.299278,128.512614,134.40785,123.464788,121.701313,136.0819,117.003983,145.013018,191.577434,124.101781,136.637914,122.751666,124.716813,158.278667,125.137342,86.648207,127.614499,136.710986,146.359768,121.191928,125.452732,116.21367,129.124937,106.259255,110.799651,123.442757,109.221566,107.496413,124.302755,99.689303,145.314027,131.646681,116.333039,137.431081,128.975779,119.852855,124.926188,142.498812,130.762819,128.377862,135.251532,122.490315
Products of The Chemical and Allied Industries,35,ALBUMINOIDAL SUBSTANCES; STARCHES; GLUES; ENZYMES,12.056034,10.847034,10.89223,11.726923,9.132091,10.667395,8.625672,10.744572,6.986529,11.677545,11.487339,11.641871,13.530121,7.498485,11.452075,11.446051,12.400528,10.381634,7.7292,14.211415,6.290987,12.139164,12.215679,10.947112,10.989059,10.486979,12.235587,13.426965,12.501125,10.123786,13.326996,10.952773,10.103723,16.584406,13.304735,13.326998,13.388799,11.265073,11.374952,11.651862,12.059956,7.690883,14.338457,13.630828,11.436501,13.161493,15.349545,12.499286,14.277844,16.127025,14.268208,13.245757,13.900373,6.88557,12.50778,8.981125,12.715363,10.583628,11.312729,9.866809,12.319155,8.24724,11.637964,11.719424,8.210698,8.888408,11.608894,10.344453,9.229367,8.38667,10.399929,11.614861,11.227297,11.455867,16.706078,10.816602,12.69444,15.076576,9.881858,15.456756,16.827654,17.358689,17.280698,16.518364,21.27228,16.848978,21.780612,23.965473,17.244665,21.759539,17.996346
Products of The Chemical and Allied Industries,36,PYROTECHNIC PRODUCTS; MATCHES; SIMILAR,1.0303,0.9437,0.4212,1.3932,1.5142,0.2808,1.0692,2.738,2.3842,0.567111,2.19719,5.97429,1.104032,2.049,2.231113,0.817025,1.7881,3.363151,0.89465,2.364731,0.2268,1.5548,1.0336,1.0825,1.390262,0.851678,1.40853,1.716136,2.024475,0.552525,1.439507,1.568867,3.612743,4.432785,4.69577,1.732605,2.844231,4.307739,4.154477,2.74561,7.150674,2.272085,8.332339,2.141165,5.673561,9.302999,7.082326,6.797619,8.08423,6.47875,7.700344,4.04274,5.735093,3.350428,4.717958,1.04466,2.83322,3.8473,2.442479,1.635975,2.1929,0.826327,0.088152,0.2952,0.4563,5.346753,0.3015,1.176355,2.70621,0.015162,5.448262,0.363548,4.445043,0.32705,0.4686,3.21,2.62325,3.748418,0.2993,2.2785,2.73468,0.5297,4.500125,2.03391,0.2111,0.26658,3.837026,0.632,3.06116,0.474,0
Products of The Chemical and Allied Industries,37,PHOTOGRAPHIC OR CINEMATOGRAPHIC GOODS,0.018306,0.203696,0.34992,0.137376,0.390876,0.095588,0.236469,0.489916,0.926662,0.032264,0.327538,0.28398,0.125765,0.03578,0.157968,0.085903,0.559964,0.069299,4.296334,0.147844,0.016962,0.576876,0.16506,0.06026,0.03777,0.422331,0.102036,0.193583,1.30911,2.212468,0.875614,1.971804,0.638873,0.397776,0.122125,0.003656,0.867441,0.160914,0.201942,0.414183,0.244572,0.997304,0.70507,1.097243,0.749202,0.539015,0.29573,0.883583,0.242001,0.442402,0.646363,1.06954,0.972349,0.697463,1.102232,0.604271,0.532764,0.449368,0.608019,0.337052,1.00083,0.701323,0.25989,0.273661,0.206321,0.435829,0.539045,2.202596,0.478375,0.369157,0.072546,0.001875,0.701592,0.731687,1.657116,0.813916,0.548215,0.734389,0.010096,0.398356,0.835788,1.270262,0.315713,0.454745,0.587266,0.046367,0.721418,1.034057,0.3958,0.37992,0.024602
Products of The Chemical and Allied Industries,38,MISCELLANEOUS CHEMICAL PRODUCTS,206.236786,127.686159,150.316065,225.374753,149.954258,104.982925,194.860628,183.311764,160.725112,138.745678,236.798978,118.424891,231.66409,76.744182,244.403938,118.346902,98.838353,118.358191,114.763203,220.515954,94.62066,152.184096,129.840585,334.397074,125.175809,122.145959,131.437996,115.849805,229.2929,129.061672,285.629691,158.407001,100.925585,151.237588,172.284554,156.259332,285.454912,473.534689,245.606482,217.351917,204.848197,106.385917,413.969907,89.078957,155.366394,140.026628,135.893833,169.993033,184.457003,260.569988,336.685055,245.130455,188.9473,149.436438,179.581784,162.880228,146.887404,188.601694,207.845388,98.877382,173.092232,147.0858,331.78984,160.745189,131.999868,200.223631,140.951542,250.307764,306.179567,239.294818,179.481841,214.751948,223.451363,198.691175,520.793046,217.647544,534.792303,261.545617,253.437898,283.419101,281.533784,290.34466,335.810261,314.728633,285.075312,318.402354,301.713467,656.50953,639.199566,414.1224,402.932008
Plastics and Articles Thereof; Rubber and Articles Thereof,39,PLASTICS AND ARTICLES THEREOF,5014.889981,4846.950379,5092.347414,4842.060243,4818.736738,4874.991456,4963.373851,4801.434113,4295.465312,4866.310791,4599.428593,4493.77654,4167.816722,4015.141459,5027.578855,4345.675484,4821.452759,4397.414731,4475.117118,5160.087008,4481.98476,5117.470712,4980.503987,4740.658081,4893.929726,4007.831229,5525.221392,4615.972836,4590.203431,4203.619632,5748.746745,6298.666165,5513.767651,6493.112762,6125.97255,6050.641754,5807.756724,6187.269234,6203.189658,6440.460952,6788.124913,6483.679466,7369.220215,6500.266906,6231.0212,6816.683427,6864.016755,6813.719048,6553.346891,6021.984543,6248.930417,6208.691492,6151.004324,5655.803035,6053.791094,5745.598406,6270.472489,6108.631453,5219.400599,5354.071005,4932.397243,4451.336418,4677.032943,4582.499382,4207.025654,4770.195205,5218.41002,5223.135718,5461.311287,5834.537495,5831.164791,6473.278106,6023.531087,6188.351687,7394.696587,6415.060356,7639.27731,7917.100106,7642.706102,8213.150731,7769.41278,7456.520049,8039.68134,8366.38839,7673.11435,7434.994498,7769.546087,7374.618872,8501.222268,8713.12799,7311.147293
Plastics and Articles Thereof; Rubber and Articles Thereof,40,RUBBER AND ARTICLES THEREOF,17.90009,17.609874,20.430615,13.809991,14.278558,20.84927,26.795623,23.342919,13.987987,21.006425,27.986645,28.953617,25.624685,13.304689,15.167453,14.4916,14.353737,20.798565,21.235263,14.923012,16.547294,37.517597,39.270347,35.075147,46.518073,36.537762,60.013518,66.234052,50.27485,80.499622,70.905409,75.939359,61.901915,91.133507,74.863645,70.579368,99.013798,81.694033,103.689747,80.271832,73.591102,61.862922,89.363057,99.270226,133.581281,86.932221,114.397002,137.955623,141.153319,69.361821,79.045816,86.779322,106.95786,100.871586,117.607247,89.397873,125.654998,144.816019,102.895534,77.313155,133.096061,96.505947,85.407275,45.244271,57.642057,60.746077,68.19368,116.856191,91.618304,86.680318,109.5281,115.025262,102.394546,137.778057,145.046216,157.364917,167.870527,203.070895,174.332439,148.44978,159.792798,184.929697,239.417193,186.415755,232.128228,171.668528,261.534538,266.112658,255.918998,245.851716,218.552816
"Raw Hides and skins, Leather, Furs and Articles Thereof; Suitcases; Handbags and Similar",41,RAW HIDES AND SKINS (OTHER THAN FURSKINS) AND LEATHER,31.99734,27.498178,29.772865,28.634047,20.360468,23.386395,15.217332,18.763287,16.785873,23.740595,25.651462,25.611451,18.912585,16.692331,17.711348,21.866199,24.742551,18.974078,14.818313,14.527226,18.691386,25.669291,20.458266,15.524456,31.201773,19.908497,27.939673,25.452832,32.596282,15.464709,27.339931,18.818166,13.071198,24.225561,24.56605,20.872799,28.527301,14.77153,20.71631,20.127943,20.228171,17.422604,14.641648,16.853137,15.262057,21.060973,19.0849,21.326719,20.044475,21.404961,19.619704,19.90534,20.33917,16.189467,21.537386,14.659107,19.273197,16.635468,19.084929,24.997393,17.611269,17.25299,15.000153,4.04038,4.186196,8.107864,9.125543,12.434915,11.633911,12.868622,12.80877,12.74054,9.553929,9.958697,16.083664,14.949084,14.682916,16.497928,13.78888,15.634199,14.568935,19.43992,20.31473,8.960037,18.665114,22.55018,26.975334,19.257571,16.430572,15.613377,8.430056
"Raw Hides and skins, Leather, Furs and Articles Thereof; Suitcases; Handbags and Similar",42,"LEATHER ARTICLES; SADDLERY; TRAVEL GOODS, HANDBAGS",1.547866,1.039345,3.221876,0.587652,1.024517,0.898668,0.523212,0.813043,1.987937,1.414388,2.673343,0.657137,1.568716,2.087944,2.012214,2.016565,4.351273,1.989857,1.359185,4.444965,1.866247,2.102678,3.30648,3.180018,2.504914,3.48514,1.947153,3.26231,3.514602,3.127158,1.189297,5.29922,0.469411,1.99611,1.935467,0.774254,0.605226,1.920467,2.13622,2.460253,2.843924,0.809286,3.181628,2.678135,3.95438,8.315258,6.193021,3.94654,3.697516,2.431537,2.199748,6.53459,3.534124,2.33037,3.409536,3.08011,6.230787,2.994673,4.777373,5.748793,5.505964,5.184533,3.381372,2.245644,1.760188,1.866151,2.018226,2.186979,1.380426,2.32343,1.128401,2.37234,2.640146,3.084518,3.604965,3.149402,2.585422,4.162172,1.991726,4.132485,2.723238,2.278218,3.693741,4.89675,8.088046,3.642569,6.498565,9.510889,2.167955,3.676566,4.942458
"Raw Hides and skins, Leather, Furs and Articles Thereof; Suitcases; Handbags and Similar",43,FURSKINS AND ARTIFICIAL FUR; MANUFACTURES THEREOF,0,0.225,0.0006,0,0,0,0.175088,0,0,0.00072,0.03,0.00376,0.03021,0.01,0,0.00735,0,0,0,0.00125,0.000144,0,0.024065,0.01204,0.00008,0,0.086519,0,0,0.057485,0.000888,0.00975,0,0.000065,0,0.01815,0,0,0,0,0,0,0.001243,0,0,1.316718,0.020306,0.001558,0,0,0,0,0,0,0,0.00004,0.00039,0.00144,0.012168,0.046384,0,0,0,0,0,0.003938,0,0,0,0.0003,0.193269,0,0,0,0,0,0.07775,0,0,0,0,0.001694,0.07652,0.004032,0.006396,0.002978,0.001818,0.156707,0.0081,0,0
Wood and Articles of Wood Charcoal; Cork and Articles of Cork.,44,WOOD AND ARTICLES OF WOOD; WOOD CHARCOAL,12.881611,16.217944,17.31165,17.996625,18.418998,17.388398,13.490646,13.350869,11.568981,21.970742,18.730585,16.636961,13.53252,14.078784,15.771926,13.072851,14.505301,16.270087,8.465678,18.184585,10.676491,12.966362,15.479882,12.007226,10.972541,12.017171,17.967884,16.323842,21.313772,8.27091,15.411027,12.949598,9.89581,17.811768,19.54463,13.881304,13.036787,14.937478,18.454262,27.825936,33.857539,11.864252,26.018442,20.701847,27.343225,29.401983,26.747746,28.371486,31.142043,28.177693,69.858012,24.340192,21.8925,16.571296,32.187301,15.975424,19.457763,28.535655,21.83753,25.30775,22.387535,23.973872,17.251076,9.32743,8.640085,15.203526,19.800787,13.640719,21.081095,26.584901,23.407512,29.916879,23.080379,24.459532,34.1858,20.255764,14.468157,27.44185,26.928046,30.086251,32.97224,36.643215,41.213183,39.576467,46.287605,43.77963,46.239822,24.280289,23.365058,35.236228,22.665984
Wood and Articles of Wood Charcoal; Cork and Articles of Cork.,45,CORK AND ARTICLES OF CORK,1.161225,0.749293,0.608062,0.757788,0.57294,0.466498,0.545646,0.958884,0.669489,0.571988,0.807871,0.706175,1.368733,0.766062,1.003888,1.038218,1.376537,0.941084,0.619522,1.42332,0.916563,0.923369,1.039397,1.207856,1.295065,1.685982,1.632013,2.20222,2.365696,1.488777,2.011458,3.926429,2.408543,2.586228,1.865489,2.015132,1.958292,1.170007,2.350663,2.307768,2.972254,1.706957,3.96717,2.359167,3.760774,2.435603,2.376184,1.995896,2.456318,1.282119,2.043201,1.601902,1.873901,2.506388,2.151103,1.626928,2.000139,2.529017,2.643575,2.215239,1.96207,2.342736,0.797596,1.005332,0.55747,0.975942,0.922761,0.882202,1.420911,0.875204,1.897109,0.784787,1.400816,1.570608,3.942126,1.312697,0.919739,0.942058,1.193596,3.574963,1.086457,116.413929,3.849915,1.336043,1.160968,1.160417,1.290121,0.784871,0.466623,0.496172,0.23686
Wood and Articles of Wood Charcoal; Cork and Articles of Cork.,46,"ARTICLES OF STRAW, OTHER PLAITING MATERIALS; BASKETWARE",0.050253,0.03741,0.05709,0.221522,0.079388,0.204572,0.002694,0.210672,0.008578,0.077905,0.126371,0.229155,0.157999,0.609992,0.222899,0.16728,0.150408,0.941837,0.194535,0.126952,0.058389,0.147153,0.194177,0.086385,0.08875,0.067805,0.195545,0.206713,0.206298,0.075313,0.039533,0.138058,0.00818,0.091355,0.10816,0.094578,0.246685,0.554447,0.230709,0.08211,0.562113,0.11978,0.154485,0.233783,0.363845,0.223273,0.259886,0.116664,0.179286,0.608146,0.233785,0.522249,0.570963,0.183796,0.896372,0.31894,0.075405,0.261276,0.238921,0.254453,3.154325,0.190361,0.52227,0.045867,0.654752,0.397662,0.659012,0.538804,0.897654,0.176865,0.177064,0.410003,0.205757,0.211518,0.54282,0.154354,0.381238,0.103589,0.595228,0.83876,0.281692,0.181553,0.248391,1.21428,0.937484,0.72295,0.567161,0.457573,0.524785,0.746483,0.148331
Paper-making Material; paper and Articles Thereof,47,PULP OF WOOD OF OF OTHER FIBROUS CELLULOSIC MATERIAL,4.253752,4.618235,5.333255,7.056928,8.731082,7.732011,8.162984,8.856479,5.679521,9.281593,8.253849,8.372201,8.500825,9.118668,8.897388,8.474167,13.118037,4.640833,10.689053,14.910923,8.093976,11.862152,15.638363,12.396613,6.926144,22.807037,24.595168,20.80011,19.249274,16.688973,22.218669,21.307201,15.229191,21.058088,26.09647,22.624503,22.345685,14.06416,12.499263,11.303571,13.222633,9.394898,14.765057,14.175156,14.299493,18.675151,18.838744,19.842347,15.98281,11.253728,12.07181,9.624678,8.906816,5.016465,6.164365,6.290611,6.835074,4.632842,2.457835,4.041986,5.608695,7.079757,9.950336,4.890981,4.659252,3.422699,9.210499,8.945574,6.812994,6.280853,8.176058,12.200467,14.704321,39.961742,21.57112,1.571603,0.520137,1.203446,0,0.911917,1.800873,2.367135,7.347967,4.569312,10.62741,18.239447,32.599113,19.937268,12.214868,10.917506,6.775561
Paper-making Material; paper and Articles Thereof,48,PAPER AND PAPERBOARD; ARTICLES THEREOF,212.068281,238.67468,256.884382,268.346926,246.374334,252.584181,198.635701,224.599078,190.308375,239.241365,249.767138,198.112297,193.134101,208.094248,209.408596,238.261556,245.40413,184.705614,166.831198,214.760679,147.994663,212.108469,201.373629,239.965093,186.788563,171.408034,196.558186,205.260648,191.025903,171.981623,183.528065,173.851856,172.33698,180.313211,174.383375,223.91348,163.419943,185.645166,249.301801,214.446957,216.270516,177.38365,228.477481,171.380166,217.327482,213.140115,230.520079,271.301629,177.758144,171.999055,197.517826,228.42205,258.300958,164.989901,194.302227,183.731624,195.466754,205.077047,190.636233,214.790407,172.074567,221.249173,226.706472,224.620125,137.761011,182.40759,233.205814,174.541848,163.897221,226.836891,176.077263,210.235707,143.046569,172.147377,233.331257,186.311093,201.095762,249.053881,179.045526,201.406755,201.555708,210.867869,313.309582,320.418775,177.039584,185.939485,201.909529,239.440891,225.00264,262.797231,191.528736
Paper-making Material; paper and Articles Thereof,49,"PRINTED BOOKS, NEWSPAPERS, PICTURES AND THE LIKE",16.323262,6.384032,5.534111,5.532669,7.302859,5.886312,3.246141,13.419103,5.64814,8.871261,11.132805,10.226693,19.900899,7.354127,9.765093,5.853789,13.227738,7.687916,17.639255,4.010724,5.98883,12.154272,5.072696,8.72905,8.822196,7.23621,11.104848,9.675197,4.978885,2.784267,3.0524,12.154357,6.077597,10.163777,3.268164,3.144667,2.482935,2.940879,4.870078,5.589648,5.122363,2.637632,2.983272,3.563181,6.15543,7.548812,4.81682,6.456091,5.114514,7.53704,4.011194,5.324638,5.970128,5.212824,8.038216,2.61496,4.672762,7.619018,16.099666,7.579094,2.860964,3.794814,2.285634,0.324862,1.793118,0.982342,2.163966,3.230994,2.83559,12.26191,8.344145,4.665598,2.882849,1.862307,3.53397,3.618129,5.44546,3.20189,3.567442,4.266711,7.808423,7.622588,6.724704,3.062812,8.250927,7.9834,6.31039,3.36275,5.717214,3.804745,4.125045
Textiles and Textile Articles,50,SILK,0,0.00325,0.00291,0.00096,0,0.0072,0,0,0,0,0,0,0,0.000318,0.091913,0,0,0,0,0.038004,0,0.044929,0,0,0,0,0,0,0,0,0,0,0,0.492571,0,0.250302,0,0,0.0001,0,0,0,0,0,0,0,0,0,0.029441,0,0,0,0,0,0,0,0,0,0,0,0,0,0.001875,0,0,0,0.02929,0,0.0072,0,0,0,0,0,0,0,0,0,0,0,0,0,0,0.000143,0.00555,0.001967,0,0,0,0,0
Textiles and Textile Articles,51,"WOOL, ANIMAL HAIR; HORSEHAIR YARN AND WOVEN FABRIC",2.62541,1.159907,1.38595,1.544973,1.568827,3.228619,2.002456,2.269921,1.44112,1.260687,0.844267,1.299703,2.417417,2.121311,1.184724,2.463474,3.185914,2.23392,2.114457,2.796289,0.479898,1.922255,1.723722,2.670438,1.884624,1.501382,2.971931,1.532478,2.446908,0.970645,1.358347,2.066251,1.444678,2.794429,1.788138,1.199048,1.469063,1.637854,1.18607,1.191674,1.145852,0.82443,0.628339,1.248299,0.636195,1.096138,0.635194,0.623977,0.56914,0.815945,0.299445,0.992963,0.86513,1.241072,1.155478,0.461458,0.992941,0.768258,0.678564,0.796358,0.370624,0.840497,0.218158,0.204573,0.037698,0.412171,0.843861,1.149182,1.036818,0.784233,1.370264,0.686775,0.657945,1.259266,0.603134,1.042129,0.86378,0.940354,0.495747,1.275914,0.561985,0.316076,0.343269,0.645536,0.166086,0.638733,1.521137,0.544504,0.700039,1.049444,0.603386
Textiles and Textile Articles,52,COTTON,3.509071,1.304242,2.043096,1.784283,3.36588,3.563104,6.196429,5.485149,3.196855,4.186589,5.360134,5.70747,0.830015,2.741555,0.907909,2.27765,3.786631,3.244516,1.913465,2.241596,1.315402,3.263254,2.917153,3.532573,2.459936,2.496944,2.125042,2.729801,1.709549,1.682753,2.668395,10.489061,5.721932,5.703163,7.544088,5.055701,1.828662,1.618599,1.033858,1.409666,1.345511,0.520456,0.794566,0.31941,1.212203,0.935465,0.737326,0.118164,0.025999,0.229236,0.651164,1.862342,0.582404,0.580803,0.191219,0.139414,0.558229,0.28738,0.781383,0.577863,0.61475,1.211622,0.978245,1.77089,2.032884,1.174359,0.931358,0.57781,0.290091,0.379133,0.397824,0.195714,0.096869,0.482643,0.252182,0.04717,0.055013,0.017891,0.179263,0.138161,0.428129,0.473083,0.067133,0.018607,0.682038,0.445974,0.618588,0.122072,0.284705,0.041095,0.097539
Textiles and Textile Articles,53,OTHER VEGETABLE TEXTILE FIBERS; PAPER YARN,0.673996,0.526683,0.345577,0.378222,0.871636,0.0207,0.38977,1.494037,0.339518,0.00125,0.303732,0.01512,0,0.033404,0.051404,0.0285,0.061237,0.329434,0.084351,0,0,0.115262,0.318135,0.279315,0.08951,0.134513,0.263512,0.283601,0.270884,0.35,0.529634,0.0023,0.163197,0.487957,0.0142,0.0003,0.231248,0.081305,0.067714,0.0068,0.0063,0.185403,0.0005,0,0.01085,0.0005,0.0001,0.0003,0.0001,0.006938,0,0.0165,0.061689,0,0.115837,0.00125,0.00112,0,0.0045,0.063282,0.0012,0,0,0,0.579686,0,0.228669,0,0.013001,0.003519,0.01704,0.163557,0.067271,0,0.139299,0,0.025755,0,0,0,0.000418,0.00456,0,0.051525,0.040535,0.0321,0.00396,0.00046,0,0,0
Textiles and Textile Articles,54,MANMADE FILAMENTS,29.251192,23.796815,28.185855,33.904761,29.016529,22.183362,20.695438,31.175771,20.33255,33.607919,24.254771,38.367009,15.845138,15.952365,17.193776,16.513608,20.440054,6.57499,6.903801,13.17309,8.369087,9.490101,9.42634,15.006662,12.554526,13.307758,19.526937,25.310489,17.681225,15.230936,13.661869,16.288517,11.409665,11.401042,10.506517,10.731521,17.581249,18.789578,18.218775,18.765147,22.43293,14.208914,33.710115,24.709919,31.200422,26.849028,26.293052,39.728309,37.84565,44.584935,48.145384,48.241155,46.248192,32.117422,45.534769,39.498945,41.432847,30.449337,29.464564,38.096142,33.012014,45.023138,36.599068,19.73458,31.361342,38.285166,41.030187,40.436052,38.536304,36.696171,42.245818,47.116721,50.57906,41.393266,64.999641,54.66342,54.147244,57.139418,73.494086,59.910836,53.315988,67.539299,61.796552,68.55939,46.892224,64.830014,65.335807,65.584529,78.725921,65.17849,62.354007
Textiles and Textile Articles,55,MANMADE STAPLE FIBERS,17.78891,18.097678,24.05706,22.40726,19.585968,24.360127,20.023397,28.912196,13.016813,30.455639,18.697267,23.80142,16.916964,17.577352,27.333864,27.166171,27.874689,17.978245,12.444156,20.625368,10.842352,15.539006,13.456,16.13698,18.220335,18.648428,22.29237,24.816125,27.171488,24.480293,23.128246,22.22479,15.886236,22.760054,21.32633,15.704664,19.931657,22.11763,43.573278,29.306827,33.244698,15.226023,22.118928,26.970628,19.79525,20.148197,22.239685,19.800439,23.976314,18.558736,20.147378,19.050209,19.162339,18.696711,18.31079,13.711353,16.814722,13.775868,19.424887,16.524839,13.344034,15.798118,15.302319,11.246061,15.514998,16.32256,17.675163,13.808566,16.375607,19.715896,14.244013,16.971287,14.553204,20.531533,16.10244,32.132393,25.620327,25.311548,22.755642,32.206472,30.908467,27.683989,18.270999,22.357239,12.974507,29.644895,13.27437,21.301133,28.401358,20.715979,9.19398
Textiles and Textile Articles,56,"WADDING, FELT AND NONWOVENS; SPECIAL YARNS; ROPES",33.514479,37.762146,51.962038,40.599541,42.328105,43.756479,33.507193,124.068194,30.029978,48.083107,32.477792,26.949129,27.950167,29.358388,27.47156,22.076765,36.857059,41.27431,33.309433,47.003399,33.495373,41.76328,38.965313,36.751018,43.410598,45.51532,41.757731,42.199463,43.645539,37.39569,44.224243,48.38423,38.387129,57.98668,54.255002,42.268753,41.624989,38.496555,45.191083,39.554925,36.820638,31.579825,40.325884,32.221503,37.904402,37.224694,33.918501,34.244388,40.271609,39.02121,35.848122,28.728421,32.660827,31.076233,50.241772,42.331362,43.05603,36.372007,31.753515,42.118883,36.733394,41.089044,44.476759,58.515119,62.937509,56.028511,65.01711,57.137734,52.759814,54.883195,65.196046,57.151905,60.203661,41.857217,51.819425,58.229174,64.044851,63.882851,49.076436,57.123932,49.735562,46.08084,58.719997,51.767582,60.770881,51.239562,62.308311,54.183916,66.216845,54.668719,43.816349
Textiles and Textile Articles,57,CARPETS AND OTHER TEXTILE FLOOR COVERINGS,33.29443,30.267248,41.604478,37.16052,33.354994,40.739546,36.902053,33.344265,26.491883,40.350527,37.33481,43.014674,39.242197,37.74589,41.239082,40.534143,44.600697,32.466534,34.945343,37.77236,20.580896,34.856155,27.479917,33.510914,29.804387,31.724965,36.122992,37.615352,38.518899,25.212529,35.174576,32.7419,27.527519,33.770721,38.35182,36.191777,29.731882,29.131893,28.532149,40.177728,38.353292,30.445662,29.022851,21.433665,21.183099,24.106162,20.888477,19.737322,14.79604,17.124177,14.867166,14.872792,14.605213,10.111018,9.425007,7.865742,9.230523,14.874049,15.079364,19.697094,16.484499,18.510711,15.121027,7.01662,5.404135,8.434241,14.269651,14.361138,17.4375,22.229857,27.71206,23.886129,17.535163,15.569564,19.237041,16.587678,22.58756,24.679136,22.385347,21.958983,19.287384,21.571337,21.24642,29.171364,22.020038,29.097833,34.069352,27.613428,27.552698,35.817718,29.587773
Textiles and Textile Articles,58,SPECIAL WOVEN FABRICS; TUFTED TEXTILE FABRICS,1.488112,0.983108,3.495198,1.149117,1.091999,1.001165,0.758568,0.70504,0.598379,1.093672,1.323037,0.862651,1.326103,1.104348,0.784868,0.42002,2.310238,7.464497,3.197012,8.72156,6.033049,6.48763,4.953396,7.3434,5.924198,6.06836,3.802883,1.925332,2.912725,1.045626,2.940318,1.669847,2.012303,1.973332,3.906262,1.64012,1.870257,3.254588,3.457305,4.448851,3.810821,4.400058,4.545368,4.959075,5.185162,2.821497,1.532468,0.606664,2.690039,1.56034,0.763647,0.789859,0.269336,0.219313,0.115976,0.110214,0.604317,0.630795,0.10858,0.084928,3.770762,0.242119,3.123842,0.932295,0.604142,0.295557,0.551732,0.221739,0.33289,0.421579,1.163623,0.461368,0.267474,0.068871,0.782977,1.133022,0.167629,0.31053,0.084536,0.576086,1.274502,0.966682,0.460144,0.375419,0.708808,0.634549,0.903452,0.569421,0.123656,0.623819,0.638675
Textiles and Textile Articles,59,"IMPREGNATED, COATED, OR LAMINATED TEXTILE FABRICS",12.828119,10.724117,9.295033,9.107566,9.391634,8.341673,7.774987,5.263593,2.738108,4.765744,5.056056,10.181001,2.657614,2.573181,3.552277,6.347917,2.573274,2.75319,2.106504,2.972,4.398048,4.700044,2.348929,4.145282,5.74088,2.769338,4.870149,2.014663,2.822957,1.294397,2.062814,4.241745,1.192515,2.229285,2.283391,1.624506,1.852393,1.94039,3.119408,2.594589,2.373141,1.505354,2.295712,0.386753,0.208057,0.685145,0.840163,1.492129,0.924676,0.826793,0.203934,1.28196,0.53386,0.267705,0.679632,0.335557,0.440421,1.474951,0.550624,0.207016,0.758736,0.961408,0.651634,1.097105,2.106597,0.848091,1.260874,0.53793,0.830938,1.189476,0.771995,1.647923,1.514181,2.818225,1.175641,1.623831,0.986503,1.370464,1.479704,4.057632,0.725584,0.846127,0.735501,1.082546,0.847573,1.160099,1.576603,0.57617,0.37393,0.344783,1.377567
Textiles and Textile Articles,60,KNITTED OR CROCHETED FABRICS,0.564039,0.251858,0.795235,0.56762,0.637995,0.332506,0.193352,0.724209,0.386309,0.479437,0.741108,0.321172,0.655942,0.165515,0.074553,0.739419,0.144476,0.210191,0.455218,0.054815,0.043858,0.348554,0.315484,0.225515,0.258443,0.396044,0.098447,0.09553,0.137016,0.022945,0.145713,0.392259,1.31901,0.6777,0.604429,0.283939,0.340392,0.546598,0.667533,0.467014,0.591212,0.29928,0.781612,0.583194,0.41542,0.705062,0.511384,0.379696,0.391703,0.500688,0.613506,0.546816,0.56708,0.326876,1.013083,0.275072,0.3077,0.460903,0.496607,0.293921,0.583302,0.472781,0.423834,0.096988,0.330169,0.257169,0.340841,0.334695,0.435924,0.366861,0.556535,0.514131,0.434041,0.555964,0.682552,1.946545,1.116015,1.816196,0.92482,0.844743,1.198082,1.107505,0.99712,1.023152,1.068517,1.608096,1.415556,1.363761,1.192466,1.849204,1.723332
Textiles and Textile Articles,61,"APPAREL AND CLOTHING ACCESSORIES, KNITTED OR CROCHETED",5.028961,5.691821,5.399254,7.66832,10.286533,7.574605,10.956583,15.539709,4.454354,12.065537,3.768872,3.473132,10.372919,24.391506,6.981932,7.13903,7.994803,12.573755,2.697319,5.405357,8.30887,9.540311,13.380434,4.868863,8.074575,6.194164,14.612336,5.985686,8.929187,6.183893,5.387893,8.01881,1.323348,7.791599,9.517956,6.770237,8.668874,8.704305,14.795586,7.907917,17.953201,3.84955,5.904341,4.676713,6.362962,11.289765,6.17785,5.836548,3.663914,6.143276,9.597607,7.234674,15.856633,5.051055,8.024694,3.232102,2.937962,5.337143,9.655224,13.112096,3.413541,4.348752,9.462793,9.009174,3.131473,5.651599,6.573049,4.907793,5.460805,9.916128,8.872672,4.520065,3.936377,10.314021,21.59343,15.182075,5.563804,12.345895,5.351462,10.264636,13.917357,12.533488,27.835929,12.962314,21.935092,15.257321,24.513962,18.684921,8.102961,17.558933,9.012381
Textiles and Textile Articles,62,"APPAREL AND CLOTHING ACCESSORIES, NOT KNITTED",19.19268,17.770594,21.748018,22.056599,34.260795,30.503404,27.123404,22.55837,25.98318,21.356549,31.605426,19.943676,42.712972,19.04337,19.31989,26.699179,26.873709,34.505579,13.708262,18.139429,11.520829,22.012209,22.566881,26.228305,15.921818,15.560271,23.683052,23.349528,29.487639,16.811661,15.103692,19.200989,6.790996,14.474708,26.082593,25.052526,12.164419,17.312573,17.857336,20.782637,24.078088,20.714569,16.078931,14.058876,21.819943,29.062165,30.714759,19.713931,14.679684,17.386757,24.700238,20.428022,32.527534,14.221233,21.396461,18.746754,14.013191,19.840673,20.949344,22.440375,20.991902,24.105641,30.033674,12.613473,14.382493,22.178494,19.091412,25.297483,17.196483,25.69147,24.545673,24.601656,26.295161,15.040983,29.263017,36.334856,25.140533,25.142431,19.494028,30.011642,22.016406,28.335305,31.357987,50.511814,24.2518,27.526682,35.81757,22.490677,7.928467,22.698283,21.023293
Textiles and Textile Articles,63,OTHER MADE UP TEXTILE ARTICLES; SETS; WORN CLOTHING,11.714816,9.907043,10.876709,9.235405,8.558113,7.460323,5.181939,7.589428,5.59716,10.100095,9.537431,15.036558,16.003409,10.845751,10.619686,6.415469,8.787457,7.015656,5.91434,9.267127,7.368748,10.765197,17.334183,14.349403,14.758868,8.008201,16.9927,17.701739,18.268284,12.311654,16.002403,25.014315,15.921288,16.653921,23.072399,22.063864,20.91428,16.589412,19.431305,19.311872,20.710982,13.916555,23.845421,15.014965,15.282922,22.544097,14.635724,19.49497,17.746687,15.766596,20.287588,21.129126,21.279515,13.817283,12.3916,9.653562,13.872719,15.46761,12.802124,14.62412,10.396873,17.970736,16.887278,8.995044,7.162898,9.493417,14.301612,11.985372,17.66563,20.577965,23.528378,22.279417,13.720284,17.973304,16.367134,11.906045,9.897136,12.071181,10.25808,12.477874,12.363705,14.338139,20.306051,21.401236,17.660794,12.95484,16.551036,20.628875,19.285431,18.015283,12.99105
"Footwear, Headgear, Umbrellas, Whips, Artificial Flowers, Articles of Human Hair",64,"FOOTWEAR, GAITERS AND THE LIKE; PARTS OF SUCH ARTICLES",1.424183,4.161202,3.626148,2.574903,4.405288,3.256047,1.178248,2.251228,2.305622,1.74389,2.428793,3.220235,6.451377,6.373584,3.911847,2.748544,5.865427,3.489531,1.977958,4.666332,3.220509,2.964427,7.999981,3.321242,3.552813,2.752848,2.5756,3.617574,2.8136,2.407289,2.046784,2.664151,1.505097,4.277429,8.923053,4.61766,3.460786,5.075885,2.435668,6.36079,7.739687,5.993701,3.628739,5.638592,4.870322,5.712328,3.725886,3.172717,2.599387,3.407117,6.067675,5.155938,5.689182,1.765089,3.20954,2.063057,3.954373,11.750796,14.62318,6.69707,3.257794,3.995146,2.435215,1.219276,2.223126,2.905181,3.626015,4.435831,1.946428,3.975562,2.129169,5.258387,4.616837,2.718164,5.896664,4.114063,2.823842,4.348876,3.972201,6.317328,10.741499,8.109046,4.135775,3.584857,5.78089,5.909429,8.385811,5.853588,6.193012,4.854973,6.723877
"Footwear, Headgear, Umbrellas, Whips, Artificial Flowers, Articles of Human Hair",65,HEADGEAR AND PARTS THEREOF,0.705327,0.953135,1.23912,2.486651,1.558879,3.271865,1.019599,0.884764,1.060313,0.881645,0.74517,1.308093,1.039126,0.673303,1.842158,1.773659,1.758754,3.415789,0.752058,1.152429,0.375281,0.763792,0.656814,0.867353,0.491482,1.376976,0.98886,1.861896,2.043004,2.018562,0.214884,0.652812,0.229653,2.105484,2.42573,4.360566,0.627451,0.548923,0.979348,2.106317,8.06284,0.585883,0.418432,0.814712,0.609469,0.193012,1.583161,5.880523,0.422526,1.198258,1.215682,0.710269,2.293866,0.090485,0.559276,0.471102,0.249512,0.625685,3.807182,0.931121,0.87186,0.901803,0.573968,0.13034,0.405941,0.359973,0.489214,0.399475,2.696679,0.400794,0.952989,0.591868,1.791489,0.772661,0.965524,1.481522,1.192656,0.636716,1.389317,2.18355,0.912836,0.18685,1.272332,1.311817,1.483094,6.166785,1.77692,2.487343,3.514749,0.595882,0.771262
"Footwear, Headgear, Umbrellas, Whips, Artificial Flowers, Articles of Human Hair",66,"UMBRELLAS, SUN UMBRELLAS, WALKING STICKS AND THE LIKE",0.000849,0.005997,0.0009,0.0105,0.007017,0.589119,0.061388,0,0.005331,0.00105,0.023755,0.087444,0.012,0.041229,0.005,0.000368,0.008122,0.804227,0.0003,0.014793,0.004133,0.177482,0.106837,0.0005,0.048558,0.35544,0.000459,0.005433,0.006624,0,0.005835,0.020495,0.031407,0.010012,0.004315,0.0025,0.000686,0.00501,0.009586,0.004345,0.000075,0.00525,0.0001,0.00046,0.007135,0.31641,0,0.016132,0.037871,0.012988,0.005271,0.038687,0.064232,0.072155,0.023378,0.02023,0.023756,0.225242,0.199807,0.108754,0,1.426682,0.011295,0.32016,0.104063,0.443286,0.124824,0.003198,0.032713,0.523002,0.657117,0.003096,0.247614,0.220786,0.093644,0.236748,0.380848,0.009843,0.135401,0.056687,0.00573,0.12906,0.199873,0.338482,0.124195,0.302538,0.523384,0.319018,0.367607,0.034372,0.516308
"Footwear, Headgear, Umbrellas, Whips, Artificial Flowers, Articles of Human Hair",67,"PREPARED FEATHERS, DOWN; ARTIFICIAL FLOWERS; HUMAN HAIR",2.776564,3.140815,2.132739,2.271811,1.961207,1.879436,1.797904,2.041473,1.476928,2.099269,3.233722,2.500218,5.710995,25.588598,0.957984,2.597653,1.812597,0.742564,1.287405,1.136401,0.483493,1.061784,0.344922,0.472981,0.161191,0.600687,0.443515,0.451202,0.009914,0.06313,0.099551,0.004482,0.026863,0.022984,0.005102,0.081007,0.03214,0.028845,0.011819,0.012911,0.014427,0.069834,0.059689,0.009903,0.016679,0.004885,0.02473,0.037886,0.040031,0.075368,0.015533,0.07285,0.141483,0.003684,0.034912,0.000204,0.072216,0.097065,0.050303,0.263312,0.153568,0.22598,0.018191,0.000568,0,0.00576,0.228787,0.024725,0.014145,0.215939,0.17443,0.45643,0.235183,0.218801,0.305402,0.164685,0.534474,0.311245,0.293565,0.321016,0.231365,0.544572,0.473618,0.388366,0.306225,0.259399,0.845839,0.226428,0.085248,0.143927,0.160616
"Articles of Stone, of Plaster, Cement, Asbestos, Mica, Ceramic Products, Glassware",68,"ARTICLES OF STONE, PLASTER, CEMENT AND THE LIKE",62.854848,73.2501,69.917068,81.151028,71.751681,68.042716,58.791081,73.772591,57.504893,64.08288,71.586039,68.494917,63.60207,67.974275,75.64575,87.282295,79.591679,85.757915,50.086619,62.342804,51.296111,68.436269,70.276289,68.472378,65.940709,65.700232,78.169484,74.971855,77.287323,45.170756,73.312472,69.198773,52.294448,77.832212,76.800398,91.431497,71.319667,72.898293,78.65526,75.91232,86.29726,55.455701,82.856804,61.787772,66.352257,78.109588,86.879699,82.627366,81.612905,68.270018,72.947701,73.721177,76.578542,55.02918,78.852836,58.244627,70.008092,81.677972,70.278027,72.899614,78.28665,73.615463,56.874081,47.400762,31.095673,49.18894,68.577574,62.669367,69.989636,65.624406,62.169235,65.620022,61.221328,57.62327,64.516412,54.627145,52.115064,61.382783,49.483141,54.712772,52.655569,55.843445,57.217902,57.969176,54.420212,53.392209,65.102891,67.575166,65.974836,66.56837,54.414459
"Articles of Stone, of Plaster, Cement, Asbestos, Mica, Ceramic Products, Glassware",69,CERAMIC PRODUCTS,19.602485,21.840559,24.967423,23.432678,27.486846,25.079947,19.161249,35.830537,20.826518,31.723034,32.519776,28.314376,32.32944,26.970169,26.248284,24.47516,31.704472,24.904002,21.076249,26.317784,21.953779,30.264398,32.84631,25.672056,23.046746,18.69775,22.993618,21.387264,24.880139,9.780481,13.29787,15.347785,7.96625,15.554868,13.245716,11.868069,10.655869,12.249009,11.44053,16.614906,16.075734,10.092578,14.606597,11.55077,15.400166,15.12309,19.87604,12.064888,12.436677,14.2036,14.066381,12.260688,10.602248,12.75373,12.878819,10.529408,18.412649,10.58122,13.955613,11.260976,9.785188,9.682702,8.479267,1.45608,5.913185,5.788697,8.971161,7.147241,13.323308,6.719715,9.469141,8.79469,10.312399,9.020916,12.528412,9.91778,6.402865,10.228806,7.559688,20.017139,21.984533,13.263989,13.368393,17.509157,18.399392,16.050586,21.672687,14.38841,13.237743,21.511187,12.102562
"Articles of Stone, of Plaster, Cement, Asbestos, Mica, Ceramic Products, Glassware",70,GLASS AND GLASSWARE,78.700485,57.968788,67.184227,70.265058,62.725366,70.370196,51.425093,65.422462,48.978876,71.856339,73.249388,84.348913,72.115235,67.43038,61.995103,63.902703,80.979985,67.183164,56.106162,75.324686,55.236114,63.203727,60.958536,59.182391,61.306238,63.469397,75.854257,75.453047,86.221296,60.11714,74.456827,81.204479,67.655296,88.05444,81.793012,83.922317,83.846768,92.134536,86.3787,83.539801,93.901684,79.402628,106.032878,91.158309,100.228555,96.032151,85.153769,98.383091,91.111808,175.909213,90.372967,80.768249,85.102792,66.492907,80.195744,72.997349,76.006781,76.913631,64.016691,84.710077,67.144524,72.885834,70.078324,45.001048,65.706103,56.211446,76.228579,81.215949,83.854167,75.020735,80.240261,76.994728,86.271696,77.394313,105.475335,88.64387,94.206757,557.989023,130.938474,113.418247,101.892356,117.725603,113.518594,112.946642,76.028666,93.026231,97.404213,95.73911,104.990796,111.784951,92.353487
"Pearls, Precious and Semi-Precious, False Jewelry",71,"PEARLS, PRECIOUS AND SEMI STONES, PRECIOUS METALS; COIN",83.731257,224.851475,172.03525,172.331031,228.148288,175.184907,178.002663,111.620934,98.88955,789.987779,211.507924,152.836154,165.40784,566.677594,439.135952,351.752827,831.251787,328.084835,254.442128,410.338396,283.948114,296.064304,364.895445,255.44305,187.304973,234.046377,295.982092,280.030707,864.682765,159.739982,260.338871,264.586939,321.03446,409.493428,393.432767,349.956802,235.540793,200.775882,420.881492,774.851023,283.446313,46.674524,328.497588,202.803611,251.783103,248.688279,519.300525,100.4599,380.753225,555.094008,325.642051,932.139289,280.549503,443.029397,515.572728,391.544896,524.311681,543.957615,469.924556,377.37094,397.546229,381.242317,370.723939,255.304518,25.064581,793.376113,499.838009,2149.847361,1367.456111,1095.849122,781.60051,437.060978,598.323237,380.204908,484.869978,442.238,481.191708,766.658477,329.12781,309.517587,311.802517,396.689457,2396.144789,776.213613,343.351678,414.953896,592.901499,726.636189,566.296175,477.937383,318.152621
Base Metals and Articles of Base Metals,72,IRON AND STEEL,141.044124,83.86355,167.038356,152.310648,90.70568,134.774212,182.870137,132.17744,87.551418,132.794442,103.103144,83.837893,116.05026,78.809629,102.790773,140.203151,152.801104,113.635329,55.137705,104.716093,74.851572,111.668294,116.918727,134.85951,157.829205,121.819785,113.431693,121.080621,117.546226,126.919475,103.04996,164.0155,118.836958,223.125896,245.785286,450.352809,592.635553,574.33273,494.893522,495.813643,433.945521,604.152051,413.025434,402.945436,286.187784,331.186213,341.873774,306.386515,284.944682,277.039835,284.767173,206.726265,219.119057,180.004926,168.837997,161.734722,222.791438,241.880401,177.342142,252.803399,235.936781,246.462152,253.553293,96.15147,100.99954,153.548717,170.53005,336.096791,193.783126,149.656647,203.884812,211.071324,196.655279,180.453071,358.498758,425.967328,681.536695,496.208119,661.225849,252.458526,338.352833,431.303283,515.04052,317.056419,328.522021,324.378498,610.033275,672.598523,348.045585,295.663222,233.033573
Base Metals and Articles of Base Metals,73,ARTICLES OF IRON OR STEEL,356.540569,315.127509,272.456267,224.160101,204.936661,250.985919,224.24298,248.089127,202.787526,247.298769,253.133475,293.352908,233.403772,272.7457,258.602309,314.765762,319.750393,204.829522,215.689067,286.58557,193.027515,238.674425,238.36815,247.126182,220.810108,193.409664,230.67107,221.209711,275.539369,171.225187,226.291646,213.454857,199.838894,234.184038,338.061095,284.571029,248.131905,222.189532,284.921938,308.518419,316.307333,231.226287,314.730628,207.265027,332.008122,307.949584,397.175097,375.475431,332.910024,304.868596,331.816515,329.027724,262.218848,167.874853,239.070864,214.001084,195.152502,240.267685,247.38652,311.462258,285.726111,287.491196,248.00442,168.54274,170.203655,171.675094,335.976229,309.652824,274.073747,292.181956,192.098817,253.8696,182.615759,183.711254,176.536869,156.610975,210.232894,232.40573,249.709443,311.368313,300.645445,189.021588,226.809764,275.91921,199.787446,344.444976,255.723339,319.771694,334.276741,339.601578,156.453702
Base Metals and Articles of Base Metals,74,COPPER AND ARTICLES THEREOF,196.798962,144.797597,134.115584,170.930661,147.090876,191.449668,115.772836,152.350415,133.184273,131.242526,120.712309,117.365422,121.028266,114.797492,142.923458,119.453513,149.6285,113.181729,103.637641,139.562401,88.801843,141.999792,185.752905,151.910979,165.397174,176.251691,177.943721,181.626309,189.79537,100.135083,148.575091,157.545105,146.421605,240.061033,206.741729,247.945144,206.345136,170.524536,204.333773,219.038286,210.827301,155.507434,189.591164,141.345864,145.627208,192.579378,142.928494,176.233818,169.307279,153.488116,216.355911,159.396478,135.458974,104.426604,146.475668,128.522843,142.11549,151.78209,127.452616,249.837862,162.68142,166.155507,148.807797,53.323941,57.878697,135.961154,164.909374,183.608383,212.471297,226.239086,223.345815,252.826816,132.388527,328.596361,412.310143,262.820558,267.148798,283.496847,229.865213,270.785954,265.794345,264.572445,714.785681,345.401888,593.182295,746.747614,863.141202,608.063204,1051.094006,829.552951,553.600299
Base Metals and Articles of Base Metals,75,NICKEL AND ARTICLES THEREOF,11.448446,10.056593,12.347785,8.717793,12.965825,8.727001,7.197262,13.893992,5.989412,5.563152,11.314504,14.455434,9.664708,8.793563,5.795262,8.479763,17.424497,12.690158,8.67429,11.14685,5.412348,12.912965,14.618908,17.216267,17.436292,15.128519,15.955262,21.626339,9.643553,5.202372,8.273004,9.862795,7.114104,10.379288,12.426885,16.018266,10.124541,15.781491,16.090373,13.263353,16.674423,7.813177,11.08956,9.546327,13.203337,9.034356,6.816107,7.469342,9.997562,14.613275,25.720456,25.167484,12.987035,6.515813,13.47054,13.806661,20.350314,21.76921,12.114102,15.978881,13.901962,10.793082,11.738141,4.398348,6.179657,6.768428,6.248362,15.697336,16.342551,16.704257,13.661544,19.887573,13.211448,17.127889,15.091114,12.886733,15.42797,16.296963,11.419818,26.139131,17.864811,15.557629,74.103937,39.421748,73.225144,77.086232,130.148875,32.258116,24.850893,29.789955,31.035836
Base Metals and Articles of Base Metals,76,ALUMINIUM AND ARTICLES THEREOF,506.499748,626.786119,795.481981,630.821246,628.363451,713.079305,572.830601,657.701014,640.82445,547.271374,683.386922,642.747889,628.82072,601.961136,710.645173,526.742249,648.634822,604.53471,565.528303,618.981516,484.880785,685.6341,621.256607,601.388141,598.88428,574.670219,688.675889,689.068741,707.190301,530.397792,616.442987,855.086066,707.049644,734.619001,645.742721,733.253564,658.907769,751.877629,703.291524,678.647736,769.859657,645.345295,796.541941,694.039307,694.262275,674.048701,657.456868,753.459559,707.908047,613.473462,643.592536,747.158741,719.855232,607.232928,668.484072,610.749414,679.085142,719.28984,653.239,702.299962,612.57922,616.76525,684.869122,588.93162,527.586772,651.681605,656.767524,657.82445,670.294713,749.795889,715.705507,801.179618,606.849018,694.545957,811.946093,766.716944,738.49687,815.96733,721.020242,743.142372,803.790227,808.69907,913.594357,778.531678,844.528739,945.242158,1023.442857,998.803747,1015.314194,1051.728223,874.919655
Base Metals and Articles of Base Metals,78,LEAD AND ARTICLES THEREOF,9.109399,12.936,5.673433,14.534464,14.210375,11.24174,0.880641,11.5315,1.844656,21.2635,10.57425,8.202932,16.186847,6.338152,13.91875,10.285654,10.624088,18.30525,5.687518,16.297125,4.214911,12.718575,13.95,13.8835,15.093663,18.717229,12.057478,6.150556,11.683046,5.997167,7.134357,14.004258,14.184675,22.432862,19.602651,16.641326,11.10799,12.590143,9.88653,21.087836,10.098722,9.410551,11.566938,8.261286,17.549313,23.381647,26.874917,36.886013,26.083962,17.028643,21.535883,9.705511,14.308995,9.42478,20.955129,11.658095,34.591555,32.5518,23.133772,14.205781,22.914764,17.317247,6.947789,1.744791,0.009199,3.857583,44.079973,24.060698,27.200485,14.604105,24.250417,16.360246,26.140502,19.329839,44.419701,21.764503,26.187608,41.315165,31.087755,32.616175,24.031909,38.437867,30.988425,37.818888,42.784108,27.025599,48.982696,30.895189,18.559449,31.777047,31.858582
Base Metals and Articles of Base Metals,79,ZINC AND ARTICLES THEREOF,7.023211,6.029698,12.143164,9.158789,6.120566,6.02271,3.664271,7.740328,5.041293,7.910444,6.306003,4.236148,5.420145,5.816206,8.051563,8.943061,11.521384,6.887367,4.952826,6.156442,9.642026,8.666745,8.595568,8.773034,12.934455,10.326354,8.986848,11.923464,10.36127,4.712238,9.245555,10.0231,9.353208,12.208933,12.31487,14.797969,13.694678,11.270484,12.632128,10.24969,14.279282,10.538124,10.635404,9.902222,8.666342,9.124003,9.521253,10.08868,9.740002,7.503326,10.334221,10.840617,9.361222,7.473578,8.864317,5.344148,7.060012,7.939416,9.409383,8.79285,8.477365,9.236738,10.470757,5.447591,5.256545,6.548826,7.175647,10.171789,9.298919,6.80315,9.963805,14.164674,11.847596,11.056457,13.206276,12.189375,14.55014,10.989354,7.333645,11.228985,9.599895,11.677814,15.303512,16.716664,30.253037,16.619148,24.311884,18.882948,18.652218,38.907875,17.787858
Base Metals and Articles of Base Metals,80,TIN AND ARTICLES THEREOF,3.335305,2.920333,2.738906,3.128466,3.178011,3.583906,4.205742,3.978344,0.34125,1.094778,1.061605,1.090275,0.372364,0.456637,0.476259,1.32374,1.32101,2.651274,0.560032,0.718059,0.822987,1.367952,1.196087,1.063313,0.91838,1.299266,1.519812,1.672071,2.941519,0.78248,1.448479,2.271906,1.206115,1.977431,1.898054,2.28162,2.659938,2.43238,2.44934,3.31851,3.246245,1.337749,2.893528,2.150047,3.359471,3.097798,2.975031,3.11474,3.008022,3.092374,3.878995,4.183537,3.016528,2.396287,2.624091,2.316189,3.187463,3.072259,2.756997,2.747512,2.436563,2.604178,2.51757,0.828734,1.645923,1.951922,2.376248,2.28306,3.065981,4.42423,3.703087,3.914602,3.743553,5.20305,3.585103,2.11821,1.283464,1.724115,1.696109,2.510994,3.432634,2.891388,2.620693,2.291409,3.034877,2.103227,2.57227,1.807764,2.708028,3.065356,0.921654
Base Metals and Articles of Base Metals,81,OTHER BASE METALS; CERMETS; ARTICLES THEREOF,0.011868,0.480364,0.108952,0.123668,0.0025,0,0.268477,0.022796,0.240386,0.861129,0.0903,0.521048,0.896328,0.513164,1.663725,1.782161,0.212768,4.559165,0.264929,0.134435,0.006642,0.029802,0.04556,0.132374,13.626262,0.726199,0.006294,0.320888,0.110984,0.004934,0.114968,0.0798,0.018849,0.022553,0.52824,0.0016,0.264783,0.649586,0.778883,0.341801,0.242812,0.33192,0.369375,0.000915,0.002314,1.094715,0.00191,0.294063,0.124766,0.01815,0.07605,0.329306,0.053689,0.007207,0.027189,0.153523,0.025471,0.11063,0.161773,0.470103,14.075461,8.319659,7.162044,10.04728,3.296355,6.649021,3.823789,9.88517,10.861745,10.124082,13.636548,9.254799,0.051825,4.139202,12.502986,9.994512,14.755797,14.410759,14.577367,21.050029,10.156973,16.793123,17.377764,23.525795,14.675918,2.253806,18.765004,25.021917,43.227636,53.35523,19.572325
Base Metals and Articles of Base Metals,82,"TOOLS, IMPLEMENTS, CUTLERY, SPOONS, FORKS OF BASE METAL",7.454173,6.138555,9.934652,9.712483,13.286551,6.607854,3.509557,4.534793,9.531632,7.749541,11.596768,5.770879,12.300656,10.820547,9.441903,6.944048,7.313684,4.988572,4.177721,6.917397,5.791172,9.314825,7.335961,6.546473,5.913662,5.226847,12.676463,10.933508,16.469039,20.912088,13.511534,27.136727,9.270531,16.91563,14.141349,10.029026,7.493215,10.175337,7.294994,19.194569,17.209627,6.112048,19.232888,5.851717,10.787806,7.144318,9.660197,17.398846,17.584934,9.030088,19.611588,15.591501,11.722951,11.591576,11.734118,13.410063,8.208886,11.327713,8.240507,11.474723,23.510411,13.214596,18.91114,4.06304,4.926272,5.923047,8.826059,11.207295,15.353252,12.050575,13.955232,24.96421,32.0829,29.448776,29.857087,105.708058,31.56294,17.112314,18.683562,15.174251,16.180696,16.902623,17.724869,38.368272,23.639721,89.806953,208.523215,139.957264,12.894072,15.054607,13.442909
Base Metals and Articles of Base Metals,83,MISCELLANEOUS ARTICLES OF BASE METAL,41.029955,63.858592,72.803533,66.461436,60.133732,54.459074,52.34676,55.928987,45.426989,53.768317,52.204615,49.459488,49.084024,36.286987,51.492388,55.801847,36.948054,39.740908,38.287562,54.731476,25.358513,34.365289,27.842491,24.354211,27.695399,34.798067,51.848052,48.843922,40.241277,38.922668,40.030004,42.261498,37.449509,21.079282,23.429335,17.462154,30.339191,25.034065,46.089801,62.319529,48.994244,20.01404,36.234713,27.290294,27.392704,37.107515,83.183525,104.273962,25.196437,27.36568,32.063924,38.876931,32.558815,31.966716,34.651597,23.135654,24.754654,23.104675,21.801237,24.727118,40.611983,34.37056,43.162945,32.096898,26.778662,34.459278,32.454826,31.17748,28.558423,26.863111,31.550534,31.105883,34.191797,30.662373,48.180954,50.7318,54.153871,50.33473,48.560465,48.630805,39.487361,44.024742,41.392423,47.612761,40.743515,45.492822,51.949753,38.41748,43.739382,64.239256,46.595358
Machinery and Mechanical Appliances; Electrical Equipment; Parts Thereof,84,"BOILERS, MACHINERY, MECHANICAL GOODS; PARTS THEREOF",431.852173,600.946386,598.957764,630.013057,565.750086,526.607337,414.69914,608.79453,467.963584,471.378705,558.191751,567.501377,377.752531,441.511679,703.514038,468.041924,743.389388,573.360085,316.77746,492.96502,487.47285,510.593667,438.307269,570.326097,661.998824,365.991,606.740825,633.878875,501.375064,357.426616,463.958143,543.619634,255.614963,628.256788,616.778582,665.552419,429.030567,570.079573,695.022428,1177.454281,614.337449,462.908545,831.792124,376.048433,508.199225,561.70951,565.45143,567.320008,698.638055,741.848462,484.474618,664.807092,499.109562,384.745993,755.437428,370.544149,598.16782,719.821346,427.525598,677.833698,608.196209,655.773456,880.305751,278.173001,309.491042,455.433472,338.807109,398.95042,465.74266,602.371274,524.79269,568.335183,685.169896,466.946294,803.330471,332.610437,546.888129,652.000556,498.517711,748.644233,829.146584,625.391688,582.239259,1012.569501,645.038477,468.196478,681.037686,763.433952,603.548927,1067.213992,762.915981
Machinery and Mechanical Appliances; Electrical Equipment; Parts Thereof,85,ELECTRICAL MACHINERY AND EQUIPMENT AND PARTS THEREOF,384.428959,359.100569,571.054135,318.74863,437.709507,293.367235,277.219463,392.637718,233.107661,378.991962,337.30219,380.446835,492.83154,207.084513,324.975856,360.897687,405.859757,395.835786,267.507517,378.994804,307.813308,380.369201,370.907912,431.845339,317.721101,244.192108,342.973362,312.873407,388.131861,245.650602,418.032063,438.80789,219.399066,346.2941,376.039931,444.967027,381.354282,367.475744,400.500987,435.495696,445.439687,381.525976,402.835969,286.58114,431.02613,366.83353,249.778287,392.992785,489.597697,306.183091,343.682895,406.577479,354.369103,292.22984,566.195469,409.97366,549.89768,472.096229,449.618008,440.155997,353.048635,387.813573,305.671604,271.777398,310.684215,318.19012,426.321632,465.955781,573.165305,310.537639,535.979896,620.529541,476.674968,400.815136,631.430342,603.302352,764.812088,673.297366,436.228173,569.882675,599.814297,638.4229,563.754082,749.994654,904.081236,772.278267,954.845211,732.622647,787.293455,1150.017427,620.703102
Transport Equipment and Parts Thereof,86,"RAILWAY OR TRAMWAY LOCOMOTIVES, PARTS THEREOF",2.44703,1.100799,8.078244,3.321467,3.585477,1.508679,2.102006,5.261153,1.965073,3.7185,3.745645,3.227796,8.225885,3.880407,3.093084,4.218774,2.34588,6.755009,6.866507,3.009776,2.601771,4.420099,17.968185,1.678369,3.131254,2.141232,3.304068,6.364296,2.789829,24.774099,4.659289,3.620616,2.868714,8.942237,4.683797,3.223058,5.635741,2.577977,11.106041,5.574431,5.113881,0.692924,4.820296,1.5843,12.458112,6.980502,3.906016,4.706728,3.777397,12.659057,24.384655,13.541511,16.145052,23.922429,5.658924,5.258561,8.250382,2.532501,7.474709,5.101019,11.358648,1.858383,2.397264,1.625991,2.166123,3.432328,3.724713,7.448452,7.788809,11.266593,3.652091,18.956657,7.400033,7.853238,5.793858,10.403412,6.804369,8.558272,1.842213,6.434635,1.438319,1.266909,2.142976,4.037935,3.973521,1.467699,2.715253,1.971085,2.898722,2.727882,1.347638
Transport Equipment and Parts Thereof,87,VEHICLES OTHER THAN RAILWAY OR TRAMWAY; PARTS THEREOF,572.036393,520.563882,425.755615,480.247258,465.245747,542.375573,308.889163,392.194766,319.871527,374.72958,405.510581,348.789413,324.917199,304.867369,321.843979,381.018908,385.215928,442.677688,248.741532,459.225996,272.348536,526.314713,464.040296,381.770381,432.41625,350.875399,642.418652,467.037125,511.321003,506.950973,568.660813,634.065749,456.356325,603.998383,606.419124,681.437494,294.079639,359.016499,471.132134,571.734559,555.956757,326.764983,499.782275,316.136651,389.961371,414.208988,423.077152,358.427638,444.966246,330.067786,351.181935,340.662637,306.813773,212.030901,380.797757,253.238191,319.708689,329.75219,331.441396,1021.020551,458.254067,351.352781,261.444424,280.885656,93.708687,169.26356,272.565121,359.002872,346.332893,326.464982,319.162472,575.060501,375.972268,330.500044,383.364329,459.899432,241.106567,293.648591,206.495096,284.275178,301.38458,294.225537,389.702676,2594.626432,406.218871,375.625759,499.520479,385.519133,442.69086,584.78425,464.571117
Transport Equipment and Parts Thereof,88,"AIRCRAFT, SPACECRAFT AND PARTS THEREOF",197.394654,123.652765,727.956726,219.867246,145.656113,112.449048,325.724804,145.791512,77.659567,130.172303,199.804369,144.312172,152.44523,273.628724,376.170969,121.603185,209.123083,116.945945,163.445669,135.037196,126.020362,154.083909,175.878171,123.488742,136.862332,283.723055,143.386274,289.323677,101.133952,173.260263,127.348129,169.993873,50.511116,137.618753,245.950391,91.171378,150.036297,279.908542,180.597133,130.559102,147.424351,135.225093,374.581004,273.131041,295.247774,400.372412,233.979824,222.504213,160.574499,245.211145,407.709182,307.171044,271.711112,235.83997,223.89594,237.027738,205.969563,264.609507,269.25708,417.250221,281.246074,255.011072,145.134564,210.873254,54.79721,132.898338,122.647659,196.976575,202.212296,178.881621,175.657034,163.762052,211.253847,445.737525,215.572356,265.592672,168.914703,222.160132,277.094401,327.73167,149.617151,203.828532,176.434697,198.373085,181.197546,101.601574,216.358774,150.132425,261.953182,248.606237,128.970605
Transport Equipment and Parts Thereof,89,"SHIPS, BOATS AND FLOATING STRUCTURES",1307.834282,606.507877,420.303068,642.893758,180.91459,306.521906,740.840039,965.124358,761.326195,633.858745,1206.899028,1936.056825,864.245055,1059.107527,943.846733,747.567653,765.435139,817.267791,271.409573,594.758784,934.658383,857.427155,622.769126,587.864718,438.232953,517.423922,1363.328592,620.138707,655.324641,355.470214,429.407914,607.102647,512.59398,1023.85449,1395.677581,1390.983718,596.570435,208.1049,961.933956,410.601474,949.239821,533.058352,537.306692,646.154048,1097.274503,243.532664,938.625871,389.183811,518.668111,1159.439985,2183.021139,1102.049797,870.337395,1510.67913,600.368669,855.971562,1555.672326,784.641145,1667.990203,1799.797992,982.766322,723.936763,56.806731,603.983418,1531.651767,1842.631196,1590.26728,841.892359,329.977817,919.73862,3242.160751,799.108466,1622.157737,1404.610397,1003.711481,821.788894,685.198532,535.079669,420.312317,426.241696,2813.43891,1607.252905,1322.968491,1764.19682,1599.084939,979.880949,730.228787,1309.925612,1336.337101,1871.586379,3185.948859
"Optical, Photographic, Cinematographic, Clocks and Watches parts Thereof",90,"OPTICAL, PHOTOGRAPHIC, MEASURING AND MEDICAL INSTRUMENT",81.371938,53.561735,67.964872,86.816577,62.206812,54.589812,49.702389,55.445071,31.896394,59.927762,53.333498,84.365443,37.910036,80.847968,96.32352,68.690993,61.020443,63.100251,57.185648,57.354406,43.799612,51.504822,55.572163,75.501316,61.905446,62.438088,61.723597,89.284303,73.688672,51.068373,73.054169,153.459867,109.651265,126.660784,53.498924,90.428296,67.01776,72.965062,63.420246,77.094774,65.669712,74.095866,97.320552,46.516681,131.984129,106.783263,83.988715,64.963144,78.247887,111.54897,60.279827,58.494776,72.207719,82.762393,145.167457,54.622394,84.242119,96.793576,91.201989,89.15368,105.597767,75.593769,76.145667,103.709035,73.693107,101.301508,118.457248,85.760845,115.016279,124.429562,119.939912,166.840188,56.560579,115.255696,272.06002,95.548131,72.359434,90.388021,53.230734,65.492256,94.708184,56.085998,70.772801,102.344474,88.644139,92.439329,270.565089,120.660224,64.594239,77.632366,63.995502
"Optical, Photographic, Cinematographic, Clocks and Watches parts Thereof",91,CLOCKS AND WATCHES AND PARTS THEREOF,3.972709,4.402725,6.641407,1.352226,3.178101,2.248006,5.634237,1.267547,1.497975,5.662766,6.574633,9.249554,0.803133,8.611332,5.63939,1.553616,4.074529,8.65792,35.048082,5.983353,8.816344,6.573887,4.642501,6.398891,3.178057,17.264084,10.552665,5.626541,13.814844,4.293436,6.02624,5.924016,1.342369,21.426473,12.567721,5.246264,11.512567,10.399801,21.982178,9.635989,53.556091,10.648125,8.220739,30.193477,21.703675,29.439968,27.912196,22.706574,15.828809,75.494734,35.08965,26.013997,43.15529,24.404641,31.36127,18.442386,21.415115,35.090394,45.450155,32.525018,38.16449,46.024788,21.70044,18.027863,11.359823,41.227626,28.280293,54.218759,51.918732,28.114279,45.934899,65.478574,13.985908,43.346413,85.067489,65.271406,69.382324,72.902247,55.339251,75.194323,88.293449,38.917893,139.307206,96.525891,76.331178,103.293998,77.612763,108.705482,96.146531,85.757227,43.533874
"Optical, Photographic, Cinematographic, Clocks and Watches parts Thereof",92,MUSICAL INSTRUMENTS AND THEIR PARTS,0.008975,0.00081,0.005,0.005,0,0.01,0.005,0.01,0.0062,0.005,0.00075,0.010744,0.00005,0.031421,0.00002,0.001651,0.027267,0,0.005,0.01,0.0185,0.000549,0.033528,0.037744,0.004978,0.001042,0.440037,0.012868,2.083861,0.0002,0.00005,0.0005,0,0,0.0001,0.17234,0.0014,0.026435,0.021065,0.0062,0,0.06073,0.190215,0.002,0.07539,0.092008,0.033762,0.025657,0.408364,0.214327,0.09287,0.893208,0.0029,0.590356,0.154377,0,0.000127,0.464873,0.999788,0.142967,0.239655,0.345595,0.178375,0,0,0.001327,0.017487,0,0.001647,0.00105,0.067513,0.024904,0.00548,0.000563,0.001412,0.00035,0,0,0.003057,0.000025,0.0102,0.020797,0.008578,0.003165,0.013469,0.77162,0.318914,0.026104,0.050043,0.075669,0.026924
Arms and Ammunition; Parts and Accessories Thereof,93,ARMS AND AMMUNITION; PARTS AND ACCESSORIES THEREOF,26.151832,4.041186,135.816389,383.823052,95.524409,0.3165,427.326389,97.083262,64.342173,13.639816,127.520264,26.597077,39.97548,29.944334,17.443027,20.239232,86.410069,4.249137,1.434604,53.790163,29.889177,23.714779,2.898249,64.621231,5.81625,2.645909,25.260206,90.712222,5.939294,2.743907,29.6345,5.095596,1.92,7.312559,3.159456,1.033996,40.768656,24.005491,0.500734,15.582479,23.508,0.001125,6.112437,0.873892,3.735474,5.18954,0.671493,1.320949,24.293541,1.022896,3.138986,1.562378,0.244429,0.436911,45.072997,0.212349,40.549795,59.336956,10.009005,21.300162,6.715649,2.288064,6.96848,1.812634,1.826051,27.656057,14.470027,20.808118,36.742712,38.354397,36.275728,18.427071,118.597556,21.049807,22.598224,7.110178,19.069028,45.55287,44.147261,0.749959,10.239301,14.830856,47.700239,2.806743,27.040822,75.834363,49.571787,13.350559,4.702031,25.562453,21.469985
Miscellaneous Manufactured Articles,94,FURNITURE; MATTRESSES; LAMPS; SIGNS; PREFAB BUILDINGS,39.108076,33.045844,38.63245,36.215904,44.972974,32.777577,24.163753,33.199197,29.403653,38.089268,40.172039,44.275363,23.4532,25.134836,36.155664,45.450097,36.121426,27.772611,17.024412,29.542536,22.722463,33.13572,37.265783,38.713005,30.329027,27.474524,42.942553,42.517139,39.399869,21.658614,27.97727,31.180798,28.792296,35.01817,93.978978,43.430416,38.374573,34.526621,29.651431,38.692951,78.612109,19.419956,35.423097,31.035314,35.25412,42.676911,39.636673,29.999489,29.345406,22.893857,29.726137,35.890641,23.583077,17.449738,25.359507,19.12978,27.681493,32.37348,32.279606,38.414669,33.81679,21.718174,20.841067,10.188078,7.402283,15.23034,17.753969,20.832981,23.639422,26.989738,43.716271,29.47797,24.445595,27.761791,18.817927,22.296501,16.234108,38.742763,23.11163,18.716396,38.117731,23.259289,33.557722,29.378938,26.079312,22.69349,32.035854,29.257541,22.914216,22.612047,24.351155
Miscellaneous Manufactured Articles,95,"TOYS, GAMES AND SPORTS REQUISITES; PARTS",6.25357,1.049327,9.86565,3.010732,3.990793,1.928199,2.208125,2.530524,1.140014,4.824304,4.694959,2.214857,5.559037,8.094415,5.226735,17.610546,8.749251,5.334465,1.534735,3.561371,3.508021,2.695355,2.806552,6.988926,5.312406,2.888536,3.734776,4.327773,2.142519,0.995572,0.92976,10.007433,2.952913,3.493723,2.993206,4.912791,2.792666,5.129199,4.581939,5.646524,23.324036,4.937069,4.357288,4.778709,8.096271,30.388927,79.522847,46.435216,9.959048,3.642008,11.817703,6.337134,7.005812,21.212014,15.76118,6.261102,7.789707,26.505064,65.785867,77.545813,50.256106,44.361597,14.967779,17.882825,5.730549,3.667606,8.696697,6.40755,11.676772,7.184751,8.621839,18.673365,26.697087,26.883985,17.44013,28.496011,12.317131,6.579889,8.216464,10.721432,661.753666,21.269133,24.68779,27.871321,68.634123,55.06681,143.478907,222.021905,28.644482,40.278644,20.4433
Miscellaneous Manufactured Articles,96,MISCELLANEOUS MANUFACTURED ARTICLES,78.694285,82.728807,89.211536,84.440807,93.014855,90.347468,60.062019,71.743803,60.843139,77.285254,61.793301,66.876087,74.553344,78.962747,82.669399,74.764399,71.169557,69.580239,63.368135,76.095201,64.727449,81.882872,78.749605,72.305378,65.915164,59.376276,64.151249,68.570048,68.414139,63.929924,67.280677,69.972305,58.197265,65.572057,65.063483,75.064997,58.43086,71.63554,84.599772,76.253369,83.970068,66.886689,94.564344,64.751287,87.377344,89.214426,89.825601,103.887933,86.059411,81.127344,115.311242,82.943316,87.066541,63.501577,89.367541,78.205734,92.6724,79.808347,95.15207,89.595987,80.450807,87.270081,92.83026,84.152851,89.513615,75.733511,114.476361,94.043375,97.671968,92.872991,97.735005,105.561651,99.515344,89.209093,122.105214,105.34246,72.695882,124.129455,89.898096,78.921347,102.620039,90.91333,89.122754,90.627576,68.188769,77.650767,125.153156,92.585851,81.016581,88.82554,74.370616
"Works of Arts, Collectors Pieces and Antiqes",97,"WORKS OF ART, COLLECTORS' PIECES, AND ANTIQUES",0.026192,0.158511,0.085443,1.975987,0.08448,1.705864,0.078401,0.238533,0.045905,0.84097,0.075761,0.082563,1.422642,0.921219,0.601869,2.67466,43.835983,0.122916,0.222447,2.470106,0.3277,0.015734,120.171308,340.333819,0.084279,0.050693,0.108024,0.03345,0.50154,0.015613,0.188173,3.754626,0.594799,3.213483,0.183881,457.707383,0.015505,0.031903,0.051654,0.282901,0.188751,0.029403,0.063138,0.03738,0.736543,459.048035,0.202841,0.91256,2.179985,1.322454,2.290146,68.253989,0.113874,0.060785,0.237803,102.502462,695.712146,10.435387,393.989531,299.244176,5.834883,1.169756,0.185423,0.000268,0.022691,0.880796,0.06491,0.106848,0.22583,96.078947,0.350194,1.385404,0.14472,2.315611,0.020315,0.225815,0.390384,0.849289,0.117161,0.394432,15.100936,6.937282,0.675158,0.081417,0.058398,0.69675,0.328085,3.886603,4.435822,5.225897,3.797802
"Works of Arts, Collectors Pieces and Antiqes",98,COMMODITIES OF SPECIAL PROVISIONS,15.134731,13.995343,14.480251,15.858239,17.362239,22.57719,15.470716,18.906142,13.930499,17.827148,17.861146,16.017451,16.812162,16.888399,19.431928,21.277834,33.274312,39.424623,25.913041,35.537186,26.474257,26.524318,26.24746,23.850324,40.100791,22.408943,25.294444,27.879712,36.709311,27.37756,38.45869,34.386536,24.227916,32.957652,28.122771,26.679324,27.416069,25.335377,29.477123,33.994422,40.926871,26.962759,40.375359,27.162551,30.066128,23.450718,21.850131,24.033391,23.61533,20.445111,26.707363,44.011998,35.288788,20.6968,32.214968,29.434005,67.552963,38.286576,28.997614,32.69345,27.952832,23.737128,21.728644,10.025417,10.67284,19.630963,26.276894,27.32989,39.679954,562.36449,57.115691,25.916737,25.972702,25.698218,30.050466,34.428716,19.714984,22.023162,18.792358,21.977186,19.931896,21.139488,20.725225,23.007976,22.505708,24.44707,31.681403,24.542103,21.44833,33.948887,22.139805
